{
  "registers": {
    "bulbasaur": {
      "normal": {
        "isShiny": false,
        "status": "CAUGHT",
        "discoveredTimestamp": 1727642577418,
        "caughtTimestamp": 1727642577418
      }
    },
    "cyndaquil": {
      "hisuibias": {
        "isShiny": false,
        "status": "CAUGHT",
        "discoveredTimestamp": 1727644649227,
        "caughtTimestamp": 1727644649227
      }
    },
    "teddiursa": {
      "normal": {
        "isShiny": false,
        "status": "CAUGHT",
        "discoveredTimestamp": 1727645256330,
        "caughtTimestamp": 1727645256330
      }
    },
    "heracross": {
      "normal": {
        "isShiny": false,
        "status": "SEEN",
        "discoveredTimestamp": 1727646075289
      }
    },
    "buneary": {
      "normal": {
        "isShiny": false,
        "status": "SEEN",
        "discoveredTimestamp": 1727646094439
      }
    },
    "ninjask": {
      "normal": {
        "isShiny": false,
        "status": "SEEN",
        "discoveredTimestamp": 1727646637183
      }
    },
    "woobat": {
      "normal": {
        "isShiny": false,
        "status": "CAUGHT",
        "discoveredTimestamp": 1727647450531,
        "caughtTimestamp": 1727647450531
      }
    },
    "ivysaur": {
      "normal": {
        "isShiny": false,
        "status": "CAUGHT",
        "discoveredTimestamp": 1727647964316,
        "caughtTimestamp": 1727647964316
      }
    },
    "quilava": {
      "hisuibias": {
        "isShiny": false,
        "status": "CAUGHT",
        "discoveredTimestamp": 1727648078992,
        "caughtTimestamp": 1727648078992
      }
    },
    "pyukumuku": {
      "normal": {
        "isShiny": false,
        "status": "SEEN",
        "discoveredTimestamp": 1727650121136
      }
    },
    "diggersby": {
      "normal": {
        "isShiny": false,
        "status": "SEEN",
        "discoveredTimestamp": 1727650271943
      }
    },
    "flabebe": {
      "normal": {
        "isShiny": false,
        "status": "SEEN",
        "discoveredTimestamp": 1727650310560
      }
    },
    "swellow": {
      "normal": {
        "isShiny": false,
        "status": "SEEN",
        "discoveredTimestamp": 1727650317351
      }
    },
    "petilil": {
      "normal": {
        "isShiny": false,
        "status": "SEEN",
        "discoveredTimestamp": 1727650338634
      }
    },
    "dragapult": {
      "normal": {
        "isShiny": false,
        "status": "CAUGHT",
        "discoveredTimestamp": 1727651994480,
        "caughtTimestamp": 1727651994480
      }
    },
    "meowth": {
      "normal": {
        "isShiny": false,
        "status": "SEEN",
        "discoveredTimestamp": 1727652206087
      }
    },
    "doduo": {
      "normal": {
        "isShiny": false,
        "status": "SEEN",
        "discoveredTimestamp": 1727652207989
      }
    },
    "lillipup": {
      "normal": {
        "isShiny": false,
        "status": "SEEN",
        "discoveredTimestamp": 1727652215486
      }
    },
    "rhyhorn": {
      "normal": {
        "isShiny": false,
        "status": "SEEN",
        "discoveredTimestamp": 1727652221249
      }
    },
    "psyduck": {
      "normal": {
        "isShiny": false,
        "status": "SEEN",
        "discoveredTimestamp": 1727652229537
      }
    },
    "yamper": {
      "normal": {
        "isShiny": false,
        "status": "SEEN",
        "discoveredTimestamp": 1727652234685
      }
    },
    "timburr": {
      "normal": {
        "isShiny": false,
        "status": "SEEN",
        "discoveredTimestamp": 1727652241437
      }
    },
    "phanpy": {
      "normal": {
        "isShiny": false,
        "status": "SEEN",
        "discoveredTimestamp": 1727652270138
      }
    },
    "pidove": {
      "normal": {
        "isShiny": false,
        "status": "SEEN",
        "discoveredTimestamp": 1727652305888
      }
    },
    "slowpoke": {
      "normal": {
        "isShiny": false,
        "status": "SEEN",
        "discoveredTimestamp": 1727652311535
      }
    },
    "bidoof": {
      "normal": {
        "isShiny": false,
        "status": "SEEN",
        "discoveredTimestamp": 1727652315138
      }
    },
    "dodrio": {
      "normal": {
        "isShiny": false,
        "status": "SEEN",
        "discoveredTimestamp": 1727652320135
      }
    },
    "bouffalant": {
      "normal": {
        "isShiny": false,
        "status": "SEEN",
        "discoveredTimestamp": 1727652324884
      }
    },
    "elekid": {
      "normal": {
        "isShiny": false,
        "status": "SEEN",
        "discoveredTimestamp": 1727652329483
      }
    },
    "tauros": {
      "normal": {
        "isShiny": false,
        "status": "SEEN",
        "discoveredTimestamp": 1727652330834
      }
    },
    "patrat": {
      "normal": {
        "isShiny": false,
        "status": "SEEN",
        "discoveredTimestamp": 1727652335289
      }
    },
    "zigzagoon": {
      "normal": {
        "isShiny": false,
        "status": "SEEN",
        "discoveredTimestamp": 1727652374987
      }
    },
    "wooloo": {
      "normal": {
        "isShiny": false,
        "status": "SEEN",
        "discoveredTimestamp": 1727652378388
      }
    },
    "gyarados": {
      "normal": {
        "isShiny": false,
        "status": "CAUGHT",
        "discoveredTimestamp": 1727652381992,
        "caughtTimestamp": 1727652381992
      }
    },
    "bunnelby": {
      "normal": {
        "isShiny": false,
        "status": "SEEN",
        "discoveredTimestamp": 1727652382386
      }
    },
    "primeape": {
      "normal": {
        "isShiny": false,
        "status": "SEEN",
        "discoveredTimestamp": 1727652404262
      }
    },
    "squawkabilly": {
      "yellow": {
        "isShiny": false,
        "status": "SEEN",
        "discoveredTimestamp": 1727652432986
      }
    },
    "aipom": {
      "normal": {
        "isShiny": false,
        "status": "SEEN",
        "discoveredTimestamp": 1727652443640
      }
    },
    "bellsprout": {
      "normal": {
        "isShiny": false,
        "status": "SEEN",
        "discoveredTimestamp": 1727652453438
      }
    },
    "fomantis": {
      "normal": {
        "isShiny": false,
        "status": "SEEN",
        "discoveredTimestamp": 1727652464241
      }
    },
    "maractus": {
      "normal": {
        "isShiny": false,
        "status": "SEEN",
        "discoveredTimestamp": 1727652475249
      }
    },
    "cacnea": {
      "normal": {
        "isShiny": false,
        "status": "SEEN",
        "discoveredTimestamp": 1727652491287
      }
    },
    "sandshrew": {
      "normal": {
        "isShiny": false,
        "status": "SEEN",
        "discoveredTimestamp": 1727652502053
      }
    },
    "ekans": {
      "normal": {
        "isShiny": false,
        "status": "SEEN",
        "discoveredTimestamp": 1727652514784
      }
    },
    "marowak": {
      "normal": {
        "isShiny": false,
        "status": "SEEN",
        "discoveredTimestamp": 1727652544937
      }
    },
    "arbok": {
      "normal": {
        "isShiny": false,
        "status": "SEEN",
        "discoveredTimestamp": 1727652560437
      }
    },
    "cufant": {
      "normal": {
        "isShiny": false,
        "status": "SEEN",
        "discoveredTimestamp": 1727652563735
      }
    },
    "dwebble": {
      "normal": {
        "isShiny": false,
        "status": "SEEN",
        "discoveredTimestamp": 1727652579691
      }
    },
    "sandslash": {
      "normal": {
        "isShiny": false,
        "status": "SEEN",
        "discoveredTimestamp": 1727652671687
      }
    },
    "cacturne": {
      "normal": {
        "isShiny": false,
        "status": "SEEN",
        "discoveredTimestamp": 1727652687934
      }
    },
    "misdreavus": {
      "normal": {
        "isShiny": false,
        "status": "CAUGHT",
        "discoveredTimestamp": 1727652993574,
        "caughtTimestamp": 1727652993574
      }
    },
    "shinx": {
      "normal": {
        "isShiny": false,
        "status": "CAUGHT",
        "discoveredTimestamp": 1727720452197,
        "caughtTimestamp": 1727720452197
      }
    },
    "luxio": {
      "normal": {
        "isShiny": false,
        "status": "CAUGHT",
        "discoveredTimestamp": 1727720463658,
        "caughtTimestamp": 1727720463658
      }
    },
    "honedge": {
      "normal": {
        "isShiny": false,
        "status": "CAUGHT",
        "discoveredTimestamp": 1727730848836,
        "caughtTimestamp": 1727730848836
      }
    }
  }
}