{
  "registers": {
    "bulbasaur": {
      "normal": {
        "isShiny": false,
        "status": "CAUGHT",
        "discoveredTimestamp": 1727642577418,
        "caughtTimestamp": 1727642577418
      }
    },
    "cyndaquil": {
      "hisuibias": {
        "isShiny": false,
        "status": "CAUGHT",
        "discoveredTimestamp": 1727644649227,
        "caughtTimestamp": 1727644649227
      }
    },
    "teddiursa": {
      "normal": {
        "isShiny": false,
        "status": "CAUGHT",
        "discoveredTimestamp": 1727645256330,
        "caughtTimestamp": 1727645256330
      }
    }
  }
}