{
  "registers": {
    "squirtle": {
      "normal": {
        "isShiny": false,
        "status": "CAUGHT",
        "discoveredTimestamp": 1727747033675,
        "caughtTimestamp": 1727747033675
      }
    },
    "charmander": {
      "normal": {
        "isShiny": false,
        "status": "CAUGHT",
        "discoveredTimestamp": 1727747066130,
        "caughtTimestamp": 1727747066130
      }
    },
    "froakie": {
      "normal": {
        "isShiny": false,
        "status": "CAUGHT",
        "discoveredTimestamp": 1727747112575,
        "caughtTimestamp": 1727747112575
      }
    }
  }
}