{
  "registers": {
    "bulbasaur": {
      "normal": {
        "isShiny": false,
        "status": "CAUGHT",
        "discoveredTimestamp": 1727642577418,
        "caughtTimestamp": 1727642577418
      }
    },
    "cyndaquil": {
      "hisuibias": {
        "isShiny": false,
        "status": "CAUGHT",
        "discoveredTimestamp": 1727644649227,
        "caughtTimestamp": 1727644649227
      }
    },
    "teddiursa": {
      "normal": {
        "isShiny": false,
        "status": "CAUGHT",
        "discoveredTimestamp": 1727645256330,
        "caughtTimestamp": 1727645256330
      }
    },
    "heracross": {
      "normal": {
        "isShiny": false,
        "status": "SEEN",
        "discoveredTimestamp": 1727646075289
      }
    },
    "buneary": {
      "normal": {
        "isShiny": false,
        "status": "SEEN",
        "discoveredTimestamp": 1727646094439
      }
    },
    "ninjask": {
      "normal": {
        "isShiny": false,
        "status": "SEEN",
        "discoveredTimestamp": 1727646637183
      }
    }
  }
}