{
  "uuid": "826e0f9d-3d80-3770-9306-f96053bb3050",
  "starterPrompted": true,
  "starterLocked": false,
  "starterSelected": true,
  "starterUUID": "425265cc-e8c5-4a33-b51c-80b06a713b53",
  "keyItems": [],
  "battleTheme": "cobblemon:battle.pvp.default",
  "extraData": {
    "cobbledex_discovery": {
      "registers": {
        "bulbasaur": {
          "normal": {
            "isShiny": false,
            "status": "CAUGHT",
            "discoveredTimestamp": 1727642577414,
            "caughtTimestamp": 1727642577414
          }
        },
        "woobat": {
          "normal": {
            "isShiny": false,
            "status": "CAUGHT",
            "discoveredTimestamp": 1727647450530,
            "caughtTimestamp": 1727647450530
          }
        },
        "ivysaur": {
          "normal": {
            "isShiny": false,
            "status": "CAUGHT",
            "discoveredTimestamp": 1727647964315,
            "caughtTimestamp": 1727647964315
          }
        }
      },
      "name": "cobbledex_discovery"
    },
    "Cobbledex_RewardHistory": {
      "received": [],
      "name": "Cobbledex_RewardHistory"
    }
  },
  "advancementData": {
    "totalCaptureCount": 1,
    "totalEggsHatched": 0,
    "totalEvolvedCount": 1,
    "totalBattleVictoryCount": 11,
    "totalPvPBattleVictoryCount": 0,
    "totalPvWBattleVictoryCount": 11,
    "totalPvNBattleVictoryCount": 0,
    "totalShinyCaptureCount": 0,
    "totalTradedCount": 0,
    "totalTypeCaptureCounts": {
      "psychic": 1,
      "flying": 1
    },
    "totalDefeatedCounts": {
      "cobblemon:bunnelby": 1,
      "cobblemon:buneary": 2,
      "cobblemon:metapod": 1,
      "cobblemon:vulpix": 1,
      "cobblemon:pidgey": 1,
      "cobblemon:mankey": 1,
      "cobblemon:zubat": 1,
      "cobblemon:rattata": 1,
      "cobblemon:sentret": 1,
      "cobblemon:kakuna": 1
    },
    "aspectsCollected": {}
  }
}