{"stats":{"minecraft:crafted":{"minecraft:cooked_beef":8,"minecraft:stone_shovel":1,"minecraft:cooked_porkchop":5,"minecraft:crafting_table":2,"minecraft:wooden_pickaxe":1,"minecraft:cooked_chicken":3,"cobblemon:apricorn_planks":8,"minecraft:furnace":2,"minecraft:copper_ingot":8,"minecraft:birch_planks":8,"minecraft:stone_axe":2,"minecraft:cooked_mutton":1,"minecraft:air":0,"minecraft:jungle_planks":128,"cobblemon:poke_ball":8,"minecraft:stick":12,"minecraft:stone_pickaxe":1,"minecraft:chest":1,"minecraft:white_bed":2,"minecraft:jungle_stairs":16,"cobblemon:azure_ball":4},"minecraft:killed":{"minecraft:pig":11,"minecraft:spider":1,"minecraft:creeper":1,"minecraft:sheep":8,"minecraft:skeleton":4,"minecraft:zombie":5,"minecraft:chicken":3,"minecraft:drowned":1,"minecraft:cow":5},"minecraft:used":{"minecraft:cooked_mutton":1,"minecraft:stone_shovel":131,"minecraft:stone_pickaxe":36,"minecraft:chest":1,"minecraft:wooden_pickaxe":20,"minecraft:cooked_chicken":2,"minecraft:sand":38,"minecraft:dirt":6,"minecraft:mutton":4,"minecraft:crafting_table":6,"minecraft:jungle_planks":81,"minecraft:white_bed":3,"minecraft:chicken":1,"minecraft:jungle_stairs":39,"minecraft:stone_axe":152,"minecraft:cobblestone":5,"minecraft:furnace":2,"minecraft:cooked_porkchop":5,"minecraft:andesite":2,"minecraft:egg":4,"minecraft:cooked_beef":8},"minecraft:mined":{"minecraft:white_bed":1,"minecraft:dark_oak_leaves":2,"minecraft:jungle_leaves":5,"cobblemon:big_root":1,"minecraft:crafting_table":4,"minecraft:jungle_stairs":23,"minecraft:grass_block":4,"minecraft:jungle_planks":3,"minecraft:jungle_log":32,"minecraft:copper_ore":7,"minecraft:fire":2,"minecraft:andesite":2,"minecraft:birch_leaves":4,"cobblemon:medicinal_leek":1,"minecraft:grass":15,"minecraft:coal_ore":7,"minecraft:vine":6,"minecraft:sand":152,"minecraft:dirt":8,"minecraft:stone":32,"minecraft:oak_leaves":4,"minecraft:fern":3},"minecraft:picked_up":{"minecraft:birch_log":2,"minecraft:cocoa_beans":11,"minecraft:crafting_table":4,"minecraft:feather":8,"minecraft:cooked_beef":1,"minecraft:chicken":5,"minecraft:andesite":2,"minecraft:jungle_log":32,"cobblemon:yellow_apricorn":13,"minecraft:leather":2,"cobblemon:red_apricorn":10,"minecraft:gunpowder":1,"minecraft:dirt":46,"minecraft:string":5,"minecraft:raw_copper":28,"minecraft:bone":3,"minecraft:bow":1,"minecraft:wheat_seeds":1,"minecraft:beef":8,"cobblemon:oran_berry":13,"minecraft:jungle_sapling":2,"cobblemon:big_root":1,"cobbledex:cobbledex_item":1,"minecraft:egg":10,"minecraft:stick":2,"cobblemon:apricorn_log":2,"minecraft:jungle_planks":3,"minecraft:porkchop":23,"minecraft:sand":152,"cobblemon:yellow_apricorn_seed":3,"minecraft:white_bed":1,"minecraft:rotten_flesh":4,"minecraft:arrow":7,"minecraft:jungle_stairs":23,"cobblemon:poke_ball":2,"minecraft:black_wool":1,"minecraft:mutton":12,"minecraft:coal":7,"cobblemon:blue_apricorn":9,"minecraft:white_wool":7,"minecraft:cobblestone":34},"minecraft:broken":{"minecraft:stone_axe":1,"minecraft:stone_shovel":1},"minecraft:custom":{"minecraft:interact_with_furnace":19,"minecraft:mob_kills":40,"minecraft:interact_with_crafting_table":22,"minecraft:leave_game":4,"minecraft:time_since_death":120270,"minecraft:sleep_in_bed":4,"minecraft:climb_one_cm":10102,"minecraft:time_since_rest":32672,"minecraft:sprint_one_cm":289842,"minecraft:damage_taken":1020,"minecraft:walk_one_cm":279550,"minecraft:drop":5,"minecraft:damage_dealt":5006,"minecraft:swim_one_cm":1225,"minecraft:fly_one_cm":312718,"minecraft:open_chest":12,"minecraft:crouch_one_cm":88,"minecraft:play_time":120270,"minecraft:sneak_time":133,"minecraft:walk_under_water_one_cm":1127,"minecraft:jump":1680,"minecraft:walk_on_water_one_cm":5605,"minecraft:total_world_time":120270,"minecraft:fall_one_cm":51060},"minecraft:dropped":{"minecraft:cooked_beef":1,"minecraft:cocoa_beans":3,"cobbledex:cobbledex_item":1}},"DataVersion":3465}