{"stats":{"minecraft:crafted":{"minecraft:cooked_beef":8,"minecraft:cooked_porkchop":3,"minecraft:crafting_table":1,"minecraft:wooden_pickaxe":1,"minecraft:cooked_chicken":3,"minecraft:furnace":1,"minecraft:copper_ingot":8,"minecraft:stone_axe":1,"minecraft:cooked_mutton":1,"minecraft:air":0,"minecraft:jungle_planks":20,"cobblemon:poke_ball":8,"minecraft:stick":8,"minecraft:stone_pickaxe":1,"minecraft:white_bed":1,"cobblemon:azure_ball":4},"minecraft:killed":{"minecraft:spider":1,"minecraft:sheep":3,"minecraft:skeleton":2,"minecraft:zombie":1,"minecraft:chicken":3,"minecraft:cow":4},"minecraft:used":{"minecraft:cooked_mutton":1,"minecraft:stone_pickaxe":36,"minecraft:wooden_pickaxe":20,"minecraft:cooked_chicken":2,"minecraft:dirt":6,"minecraft:mutton":4,"minecraft:crafting_table":3,"minecraft:chicken":1,"minecraft:stone_axe":37,"minecraft:furnace":1,"minecraft:cooked_porkchop":2,"minecraft:andesite":2,"minecraft:egg":4},"minecraft:mined":{"minecraft:dark_oak_leaves":2,"minecraft:jungle_leaves":1,"cobblemon:big_root":1,"minecraft:crafting_table":2,"minecraft:grass_block":4,"minecraft:jungle_log":5,"minecraft:copper_ore":7,"minecraft:andesite":2,"minecraft:birch_leaves":1,"minecraft:grass":11,"minecraft:coal_ore":7,"minecraft:vine":1,"minecraft:dirt":8,"minecraft:stone":32,"minecraft:oak_leaves":1,"minecraft:fern":1},"minecraft:picked_up":{"minecraft:birch_log":2,"minecraft:crafting_table":2,"minecraft:feather":5,"minecraft:chicken":4,"minecraft:andesite":2,"minecraft:jungle_log":5,"minecraft:leather":1,"cobblemon:red_apricorn":10,"minecraft:dirt":12,"minecraft:string":2,"minecraft:raw_copper":28,"minecraft:bone":3,"minecraft:beef":8,"cobblemon:oran_berry":1,"minecraft:jungle_sapling":1,"cobblemon:big_root":1,"cobbledex:cobbledex_item":1,"minecraft:egg":7,"cobblemon:apricorn_log":2,"minecraft:porkchop":3,"minecraft:arrow":4,"cobblemon:poke_ball":2,"minecraft:mutton":5,"minecraft:coal":7,"cobblemon:blue_apricorn":7,"minecraft:white_wool":3,"minecraft:cobblestone":34},"minecraft:custom":{"minecraft:interact_with_furnace":16,"minecraft:mob_kills":15,"minecraft:interact_with_crafting_table":7,"minecraft:leave_game":4,"minecraft:time_since_death":36270,"minecraft:climb_one_cm":792,"minecraft:time_since_rest":36270,"minecraft:sprint_one_cm":102311,"minecraft:damage_taken":325,"minecraft:walk_one_cm":103855,"minecraft:drop":1,"minecraft:damage_dealt":1761,"minecraft:swim_one_cm":341,"minecraft:fly_one_cm":131157,"minecraft:crouch_one_cm":88,"minecraft:play_time":36270,"minecraft:sneak_time":127,"minecraft:walk_under_water_one_cm":61,"minecraft:jump":601,"minecraft:walk_on_water_one_cm":3360,"minecraft:total_world_time":36270,"minecraft:fall_one_cm":19385},"minecraft:dropped":{"cobbledex:cobbledex_item":1}},"DataVersion":3465}