{"stats":{"minecraft:killed_by":{"minecraft:player":1,"minecraft:creeper":1,"minecraft:spider":1,"minecraft:skeleton":1},"minecraft:used":{"minecraft:stone_shovel":131,"minecraft:decorated_pot":1,"minecraft:chest":1,"minecraft:cooked_chicken":3,"minecraft:orange_bed":3,"minecraft:dirt":6,"minecraft:mutton":4,"minecraft:jungle_planks":81,"minecraft:carrot":2,"minecraft:golden_shovel":8,"minecraft:iron_axe":4,"minecraft:golden_carrot":6,"minecraft:furnace":3,"minecraft:skeleton_skull":1,"minecraft:egg":4,"minecraft:cooked_beef":8,"minecraft:cooked_mutton":8,"minecraft:stone_pickaxe":58,"minecraft:wooden_pickaxe":20,"minecraft:white_wool":2,"minecraft:terracotta":2,"minecraft:sand":165,"minecraft:crafting_table":7,"minecraft:white_bed":3,"minecraft:chicken":1,"minecraft:bread":3,"minecraft:iron_pickaxe":9,"minecraft:jungle_stairs":39,"minecraft:gravel":1,"minecraft:stone_axe":195,"minecraft:cobblestone":22,"minecraft:cooked_porkchop":19,"minecraft:porkchop":1,"minecraft:andesite":2},"minecraft:picked_up":{"minecraft:cocoa_beans":35,"minecraft:crafting_table":5,"minecraft:chicken":5,"minecraft:iron_trapdoor":1,"minecraft:clay_ball":1,"cobblemon:yellow_apricorn":24,"cobblemon:red_apricorn":14,"minecraft:golden_shovel":3,"minecraft:string":16,"minecraft:red_bed":1,"minecraft:raw_copper":28,"cobblemon:white_apricorn":4,"cobblemon:green_apricorn":21,"cobblemon:white_apricorn_seed":4,"minecraft:beef":12,"cobblemon:oran_berry":103,"cobblemon:relic_coin":129,"minecraft:jungle_sapling":2,"cobblemon:big_root":1,"minecraft:sugar_cane":12,"minecraft:furnace":1,"minecraft:egg":10,"minecraft:stick":13,"minecraft:raw_iron":6,"cobblemon:apricorn_log":2,"minecraft:copper_ingot":33,"minecraft:porkchop":30,"cobblemon:rawst_berry":6,"minecraft:carrot":12,"cobblemon:citrine_ball":34,"minecraft:orange_bed":4,"minecraft:rotten_flesh":18,"minecraft:arrow":10,"minecraft:cactus":2,"minecraft:decorated_pot":2,"minecraft:jungle_stairs":23,"minecraft:glistering_melon_slice":27,"minecraft:skeleton_skull":1,"minecraft:mutton":14,"cobblemon:blue_apricorn":40,"minecraft:white_wool":10,"minecraft:cobblestone":69,"minecraft:birch_log":2,"minecraft:feather":9,"minecraft:cooked_beef":1,"minecraft:golden_carrot":6,"minecraft:tripwire_hook":1,"minecraft:jungle_log":40,"minecraft:andesite":2,"minecraft:leather":2,"minecraft:birch_planks":10,"minecraft:gunpowder":3,"megamons:anistarite_geode_block":5,"minecraft:dirt":46,"cobblemon:pink_apricorn_seed":4,"minecraft:orange_terracotta":10,"minecraft:cooked_mutton":7,"minecraft:coast_armor_trim_smithing_template":4,"minecraft:bone":4,"minecraft:stone_bricks":1,"minecraft:bow":1,"cobblemon:black_apricorn":12,"minecraft:wheat_seeds":32,"minecraft:stone_pickaxe":3,"minecraft:iron_ingot":8,"minecraft:mossy_stone_bricks":3,"cobbledex:cobbledex_item":4,"cobblemon:azure_ball":7,"minecraft:scaffolding":7,"minecraft:cooked_porkchop":1,"cobblemon:black_apricorn_seed":8,"minecraft:gravel":7,"minecraft:jungle_planks":3,"minecraft:sand":185,"cobblemon:yellow_apricorn_seed":3,"cobblemon:pink_apricorn":24,"minecraft:white_bed":1,"minecraft:spider_eye":2,"cobblemon:poke_ball":2,"minecraft:bread":12,"minecraft:terracotta":2,"minecraft:oak_sapling":1,"cobblemon:chesto_berry":44,"minecraft:black_wool":1,"minecraft:coal":7},"minecraft:custom":{"minecraft:mob_kills":58,"minecraft:interact_with_crafting_table":31,"minecraft:leave_game":6,"minecraft:time_since_death":5320,"minecraft:climb_one_cm":18331,"minecraft:sprint_one_cm":816760,"minecraft:walk_one_cm":582277,"minecraft:drop":40,"minecraft:play_time":245712,"minecraft:deaths":8,"minecraft:sneak_time":2088,"minecraft:walk_under_water_one_cm":8670,"minecraft:boat_one_cm":342894,"minecraft:jump":5696,"minecraft:walk_on_water_one_cm":45534,"minecraft:total_world_time":245712,"minecraft:interact_with_furnace":30,"minecraft:sleep_in_bed":9,"minecraft:time_since_rest":5349,"minecraft:damage_taken":4579,"minecraft:damage_dealt":8064,"minecraft:swim_one_cm":23618,"minecraft:fly_one_cm":1346625,"minecraft:open_chest":25,"minecraft:crouch_one_cm":4673,"minecraft:fall_one_cm":167709,"minecraft:inspect_dispenser":1},"minecraft:broken":{"minecraft:stone_axe":2,"minecraft:stone_shovel":1},"minecraft:killed":{"minecraft:spider":2,"minecraft:skeleton":5,"minecraft:chicken":3,"minecraft:drowned":2,"minecraft:pig":14,"cobblemon:pokemon":2,"minecraft:zombie_villager":1,"minecraft:creeper":2,"minecraft:sheep":9,"minecraft:zombie":10,"minecraft:cow":6},"minecraft:dropped":{"minecraft:cooked_beef":1,"minecraft:stick":5,"cobbledex:cobbledex_item":1,"minecraft:orange_bed":1,"minecraft:bone":1,"minecraft:cocoa_beans":11,"minecraft:clay_ball":1,"minecraft:suspicious_stew":1,"minecraft:filled_map":1,"cobblemon:rawst_berry":6,"minecraft:orange_terracotta":10,"minecraft:spider_eye":1},"minecraft:crafted":{"minecraft:stone_shovel":1,"minecraft:cooked_chicken":3,"cobblemon:apricorn_planks":8,"minecraft:furnace":2,"minecraft:cooked_mutton":1,"minecraft:iron_axe":1,"minecraft:stone_pickaxe":1,"minecraft:chest":1,"minecraft:jungle_stairs":16,"cobblemon:azure_ball":12,"cobblemon:citrine_ball":12,"minecraft:cooked_beef":8,"minecraft:cooked_porkchop":19,"minecraft:crafting_table":2,"minecraft:wooden_pickaxe":1,"minecraft:copper_ingot":19,"minecraft:birch_planks":8,"minecraft:stone_axe":2,"minecraft:air":0,"minecraft:jungle_planks":160,"cobblemon:poke_ball":8,"minecraft:stick":16,"minecraft:iron_ingot":3,"minecraft:iron_pickaxe":2,"minecraft:white_bed":2},"minecraft:mined":{"minecraft:white_bed":1,"minecraft:dark_oak_leaves":2,"minecraft:jungle_leaves":5,"cobblemon:big_root":1,"minecraft:ladder":2,"minecraft:grass_block":5,"minecraft:decorated_pot":2,"minecraft:jungle_planks":3,"minecraft:jungle_log":40,"minecraft:iron_ore":3,"minecraft:fire":2,"minecraft:andesite":2,"cobblemon:medicinal_leek":1,"minecraft:vine":7,"cobblemon:terracotta_sun_stone_ore":1,"minecraft:stone":34,"minecraft:tripwire":2,"minecraft:orange_bed":3,"minecraft:scaffolding":1,"minecraft:red_bed":1,"minecraft:crafting_table":4,"minecraft:jungle_stairs":23,"minecraft:dead_bush":7,"minecraft:cobblestone":2,"minecraft:tall_grass":5,"minecraft:copper_ore":7,"minecraft:sugar_cane":1,"cobblemon:relic_coin_pouch":3,"minecraft:skeleton_skull":1,"minecraft:birch_leaves":4,"minecraft:grass":31,"minecraft:coal_ore":7,"minecraft:gravel":1,"minecraft:sand":167,"minecraft:dirt":8,"minecraft:tripwire_hook":1,"minecraft:stone_bricks":1,"minecraft:mossy_stone_bricks":3,"minecraft:oak_leaves":8,"minecraft:iron_trapdoor":1,"minecraft:fern":3,"minecraft:suspicious_gravel":2}},"DataVersion":3465}