{"stats":{"minecraft:killed_by":{"minecraft:spider":1,"minecraft:skeleton":1},"minecraft:used":{"minecraft:stone_shovel":131,"minecraft:decorated_pot":1,"minecraft:chest":1,"minecraft:cooked_chicken":3,"minecraft:orange_bed":1,"minecraft:dirt":6,"minecraft:mutton":4,"minecraft:jungle_planks":81,"minecraft:iron_axe":4,"minecraft:furnace":2,"minecraft:egg":4,"minecraft:cooked_beef":8,"minecraft:cooked_mutton":8,"minecraft:stone_pickaxe":42,"minecraft:wooden_pickaxe":20,"minecraft:sand":139,"minecraft:crafting_table":6,"minecraft:white_bed":3,"minecraft:chicken":1,"minecraft:iron_pickaxe":9,"minecraft:jungle_stairs":39,"minecraft:gravel":1,"minecraft:stone_axe":195,"minecraft:cobblestone":5,"minecraft:cooked_porkchop":18,"minecraft:porkchop":1,"minecraft:andesite":2},"minecraft:picked_up":{"minecraft:cocoa_beans":11,"minecraft:crafting_table":4,"minecraft:chicken":5,"minecraft:iron_trapdoor":1,"cobblemon:yellow_apricorn":15,"cobblemon:red_apricorn":10,"minecraft:string":7,"minecraft:red_bed":1,"minecraft:raw_copper":28,"cobblemon:white_apricorn":1,"cobblemon:green_apricorn":7,"cobblemon:white_apricorn_seed":1,"minecraft:beef":9,"cobblemon:oran_berry":53,"cobblemon:relic_coin":9,"minecraft:jungle_sapling":2,"cobblemon:big_root":1,"minecraft:sugar_cane":3,"minecraft:egg":10,"minecraft:stick":8,"minecraft:raw_iron":2,"cobblemon:apricorn_log":2,"minecraft:porkchop":30,"minecraft:orange_bed":2,"minecraft:rotten_flesh":8,"minecraft:arrow":7,"minecraft:cactus":2,"minecraft:decorated_pot":2,"minecraft:jungle_stairs":23,"minecraft:mutton":14,"cobblemon:blue_apricorn":19,"minecraft:white_wool":8,"minecraft:cobblestone":35,"minecraft:birch_log":2,"minecraft:feather":8,"minecraft:cooked_beef":1,"minecraft:tripwire_hook":1,"minecraft:jungle_log":40,"minecraft:andesite":2,"minecraft:leather":2,"minecraft:gunpowder":3,"minecraft:dirt":46,"cobblemon:pink_apricorn_seed":1,"minecraft:cooked_mutton":7,"minecraft:bone":3,"minecraft:stone_bricks":1,"minecraft:bow":1,"cobblemon:black_apricorn":3,"minecraft:wheat_seeds":8,"minecraft:iron_ingot":8,"minecraft:mossy_stone_bricks":3,"cobbledex:cobbledex_item":1,"cobblemon:azure_ball":1,"minecraft:scaffolding":1,"cobblemon:black_apricorn_seed":2,"minecraft:gravel":1,"minecraft:jungle_planks":3,"minecraft:sand":159,"cobblemon:yellow_apricorn_seed":3,"cobblemon:pink_apricorn":6,"minecraft:white_bed":1,"minecraft:spider_eye":1,"cobblemon:poke_ball":2,"minecraft:oak_sapling":1,"cobblemon:chesto_berry":11,"minecraft:black_wool":1,"minecraft:coal":7},"minecraft:custom":{"minecraft:mob_kills":56,"minecraft:interact_with_crafting_table":29,"minecraft:leave_game":6,"minecraft:time_since_death":1960,"minecraft:climb_one_cm":16564,"minecraft:sprint_one_cm":733401,"minecraft:walk_one_cm":506386,"minecraft:drop":6,"minecraft:play_time":209712,"minecraft:deaths":3,"minecraft:sneak_time":800,"minecraft:walk_under_water_one_cm":6075,"minecraft:jump":4920,"minecraft:walk_on_water_one_cm":42521,"minecraft:total_world_time":209712,"minecraft:interact_with_furnace":28,"minecraft:sleep_in_bed":8,"minecraft:time_since_rest":2017,"minecraft:damage_taken":2595,"minecraft:damage_dealt":7552,"minecraft:swim_one_cm":19373,"minecraft:fly_one_cm":1202068,"minecraft:open_chest":22,"minecraft:crouch_one_cm":1419,"minecraft:fall_one_cm":128979,"minecraft:inspect_dispenser":1},"minecraft:broken":{"minecraft:stone_axe":2,"minecraft:stone_shovel":1},"minecraft:killed":{"minecraft:spider":2,"minecraft:skeleton":4,"minecraft:chicken":3,"minecraft:drowned":2,"minecraft:pig":14,"cobblemon:pokemon":2,"minecraft:zombie_villager":1,"minecraft:creeper":2,"minecraft:sheep":9,"minecraft:zombie":10,"minecraft:cow":6},"minecraft:dropped":{"minecraft:cooked_beef":1,"cobbledex:cobbledex_item":1,"minecraft:orange_bed":1,"minecraft:cocoa_beans":3},"minecraft:crafted":{"minecraft:stone_shovel":1,"minecraft:cooked_chicken":3,"cobblemon:apricorn_planks":8,"minecraft:furnace":2,"minecraft:cooked_mutton":1,"minecraft:iron_axe":1,"minecraft:stone_pickaxe":1,"minecraft:chest":1,"minecraft:jungle_stairs":16,"cobblemon:azure_ball":12,"cobblemon:citrine_ball":12,"minecraft:cooked_beef":8,"minecraft:cooked_porkchop":19,"minecraft:crafting_table":2,"minecraft:wooden_pickaxe":1,"minecraft:copper_ingot":19,"minecraft:birch_planks":8,"minecraft:stone_axe":2,"minecraft:air":0,"minecraft:jungle_planks":160,"cobblemon:poke_ball":8,"minecraft:stick":12,"minecraft:iron_pickaxe":1,"minecraft:white_bed":2},"minecraft:mined":{"minecraft:white_bed":1,"minecraft:dark_oak_leaves":2,"minecraft:jungle_leaves":5,"cobblemon:big_root":1,"minecraft:grass_block":5,"minecraft:decorated_pot":2,"minecraft:jungle_planks":3,"minecraft:jungle_log":40,"minecraft:fire":2,"minecraft:andesite":2,"cobblemon:medicinal_leek":1,"minecraft:vine":7,"minecraft:stone":33,"minecraft:tripwire":2,"minecraft:orange_bed":1,"minecraft:scaffolding":1,"minecraft:red_bed":1,"minecraft:crafting_table":4,"minecraft:jungle_stairs":23,"minecraft:dead_bush":4,"minecraft:tall_grass":5,"minecraft:copper_ore":7,"minecraft:sugar_cane":1,"cobblemon:relic_coin_pouch":2,"minecraft:birch_leaves":4,"minecraft:grass":31,"minecraft:coal_ore":7,"minecraft:gravel":1,"minecraft:sand":159,"minecraft:dirt":8,"minecraft:tripwire_hook":1,"minecraft:stone_bricks":1,"minecraft:mossy_stone_bricks":3,"minecraft:oak_leaves":8,"minecraft:iron_trapdoor":1,"minecraft:fern":3,"minecraft:suspicious_gravel":2}},"DataVersion":3465}