{"stats":{"minecraft:killed_by":{"minecraft:spider":1},"minecraft:used":{"minecraft:cooked_mutton":5,"minecraft:stone_pickaxe":42,"minecraft:stone_shovel":131,"minecraft:chest":1,"minecraft:wooden_pickaxe":20,"minecraft:cooked_chicken":3,"minecraft:sand":139,"minecraft:dirt":6,"minecraft:mutton":4,"minecraft:crafting_table":6,"minecraft:jungle_planks":81,"minecraft:white_bed":3,"minecraft:chicken":1,"minecraft:jungle_stairs":39,"minecraft:stone_axe":195,"minecraft:cobblestone":5,"minecraft:furnace":2,"minecraft:porkchop":1,"minecraft:cooked_porkchop":18,"minecraft:andesite":2,"minecraft:egg":4,"minecraft:cooked_beef":8},"minecraft:picked_up":{"minecraft:birch_log":2,"minecraft:cocoa_beans":11,"minecraft:crafting_table":4,"minecraft:feather":8,"minecraft:cooked_beef":1,"minecraft:chicken":5,"minecraft:andesite":2,"minecraft:jungle_log":40,"cobblemon:yellow_apricorn":15,"minecraft:leather":2,"cobblemon:red_apricorn":10,"minecraft:gunpowder":1,"minecraft:string":5,"minecraft:dirt":46,"minecraft:red_bed":1,"minecraft:raw_copper":28,"cobblemon:pink_apricorn_seed":1,"cobblemon:white_apricorn":1,"minecraft:cooked_mutton":7,"minecraft:bone":3,"minecraft:bow":1,"minecraft:wheat_seeds":8,"cobblemon:black_apricorn":3,"cobblemon:green_apricorn":7,"cobblemon:white_apricorn_seed":1,"minecraft:beef":9,"cobblemon:oran_berry":32,"minecraft:jungle_sapling":2,"cobblemon:big_root":1,"minecraft:sugar_cane":3,"cobbledex:cobbledex_item":1,"minecraft:egg":10,"cobblemon:azure_ball":1,"minecraft:stick":2,"cobblemon:apricorn_log":2,"cobblemon:black_apricorn_seed":2,"minecraft:porkchop":30,"minecraft:sand":159,"minecraft:jungle_planks":3,"cobblemon:yellow_apricorn_seed":3,"cobblemon:pink_apricorn":6,"minecraft:white_bed":1,"minecraft:spider_eye":1,"minecraft:orange_bed":2,"minecraft:arrow":7,"minecraft:rotten_flesh":8,"cobblemon:poke_ball":2,"minecraft:jungle_stairs":23,"cobblemon:chesto_berry":11,"minecraft:oak_sapling":1,"minecraft:black_wool":1,"minecraft:mutton":14,"cobblemon:blue_apricorn":19,"minecraft:coal":7,"minecraft:white_wool":8,"minecraft:cobblestone":34},"minecraft:custom":{"minecraft:interact_with_furnace":26,"minecraft:mob_kills":54,"minecraft:interact_with_crafting_table":28,"minecraft:leave_game":6,"minecraft:time_since_death":14979,"minecraft:sleep_in_bed":7,"minecraft:climb_one_cm":14026,"minecraft:time_since_rest":15096,"minecraft:sprint_one_cm":632236,"minecraft:damage_taken":1850,"minecraft:walk_one_cm":436564,"minecraft:drop":6,"minecraft:damage_dealt":7244,"minecraft:swim_one_cm":18301,"minecraft:fly_one_cm":993150,"minecraft:open_chest":22,"minecraft:crouch_one_cm":260,"minecraft:play_time":185712,"minecraft:sneak_time":233,"minecraft:deaths":1,"minecraft:walk_under_water_one_cm":5584,"minecraft:jump":4075,"minecraft:walk_on_water_one_cm":27874,"minecraft:fall_one_cm":110526,"minecraft:total_world_time":185712},"minecraft:broken":{"minecraft:stone_axe":2,"minecraft:stone_shovel":1},"minecraft:killed":{"minecraft:pig":14,"cobblemon:pokemon":1,"minecraft:zombie_villager":1,"minecraft:spider":2,"minecraft:creeper":1,"minecraft:sheep":9,"minecraft:skeleton":4,"minecraft:zombie":10,"minecraft:chicken":3,"minecraft:drowned":2,"minecraft:cow":6},"minecraft:dropped":{"minecraft:cooked_beef":1,"minecraft:cocoa_beans":3,"cobbledex:cobbledex_item":1,"minecraft:orange_bed":1},"minecraft:crafted":{"minecraft:cooked_beef":8,"minecraft:stone_shovel":1,"minecraft:cooked_porkchop":19,"minecraft:crafting_table":2,"minecraft:cooked_chicken":3,"minecraft:wooden_pickaxe":1,"cobblemon:apricorn_planks":8,"minecraft:furnace":2,"minecraft:copper_ingot":19,"minecraft:birch_planks":8,"minecraft:stone_axe":2,"minecraft:cooked_mutton":1,"minecraft:air":0,"minecraft:jungle_planks":160,"cobblemon:poke_ball":8,"minecraft:stick":12,"minecraft:stone_pickaxe":1,"minecraft:chest":1,"minecraft:white_bed":2,"minecraft:jungle_stairs":16,"cobblemon:azure_ball":12,"cobblemon:citrine_ball":12},"minecraft:mined":{"minecraft:white_bed":1,"minecraft:red_bed":1,"minecraft:dark_oak_leaves":2,"minecraft:jungle_leaves":5,"cobblemon:big_root":1,"minecraft:crafting_table":4,"minecraft:jungle_stairs":23,"minecraft:grass_block":5,"minecraft:jungle_planks":3,"minecraft:jungle_log":40,"minecraft:copper_ore":7,"minecraft:tall_grass":5,"minecraft:sugar_cane":1,"minecraft:fire":2,"minecraft:birch_leaves":4,"minecraft:andesite":2,"cobblemon:medicinal_leek":1,"minecraft:grass":27,"minecraft:coal_ore":7,"minecraft:vine":7,"minecraft:sand":159,"minecraft:dirt":8,"minecraft:stone":32,"minecraft:oak_leaves":8,"minecraft:orange_bed":1,"minecraft:fern":3}},"DataVersion":3465}