{"stats":{"minecraft:crafted":{"minecraft:crafting_table":1,"minecraft:stick":8,"minecraft:wooden_pickaxe":1,"minecraft:stone_pickaxe":1,"minecraft:stone_axe":1,"minecraft:jungle_planks":20},"minecraft:killed":{"minecraft:sheep":3},"minecraft:used":{"minecraft:wooden_pickaxe":20,"minecraft:stone_axe":5,"minecraft:dirt":6,"minecraft:crafting_table":2,"minecraft:andesite":2,"minecraft:egg":1},"minecraft:mined":{"minecraft:dark_oak_leaves":2,"minecraft:jungle_leaves":1,"minecraft:andesite":2,"minecraft:crafting_table":1,"minecraft:grass":2,"minecraft:grass_block":3,"minecraft:vine":1,"minecraft:jungle_log":5,"minecraft:dirt":8,"minecraft:stone":12,"minecraft:oak_leaves":1,"minecraft:fern":1},"minecraft:picked_up":{"minecraft:crafting_table":1,"minecraft:jungle_log":5,"minecraft:andesite":2,"cobblemon:red_apricorn":2,"minecraft:dirt":10,"minecraft:jungle_sapling":1,"minecraft:mutton":5,"minecraft:white_wool":3,"minecraft:cobblestone":12,"minecraft:egg":1},"minecraft:custom":{"minecraft:time_since_rest":12270,"minecraft:sprint_one_cm":18633,"minecraft:damage_taken":20,"minecraft:walk_one_cm":23675,"minecraft:mob_kills":3,"minecraft:damage_dealt":240,"minecraft:interact_with_crafting_table":3,"minecraft:fly_one_cm":24030,"minecraft:crouch_one_cm":11,"minecraft:play_time":12270,"minecraft:sneak_time":45,"minecraft:jump":118,"minecraft:leave_game":4,"minecraft:time_since_death":12270,"minecraft:total_world_time":12270,"minecraft:climb_one_cm":214,"minecraft:fall_one_cm":3773}},"DataVersion":3465}