{"stats":{"minecraft:crafted":{"minecraft:cooked_beef":8,"minecraft:stone_shovel":1,"minecraft:cooked_porkchop":10,"minecraft:crafting_table":2,"minecraft:wooden_pickaxe":1,"minecraft:cooked_chicken":3,"cobblemon:apricorn_planks":8,"minecraft:furnace":2,"minecraft:copper_ingot":8,"minecraft:birch_planks":8,"minecraft:stone_axe":2,"minecraft:cooked_mutton":1,"minecraft:air":0,"minecraft:jungle_planks":128,"cobblemon:poke_ball":8,"minecraft:stick":12,"minecraft:stone_pickaxe":1,"minecraft:chest":1,"minecraft:white_bed":2,"minecraft:jungle_stairs":16,"cobblemon:azure_ball":8},"minecraft:killed":{"minecraft:pig":13,"cobblemon:pokemon":1,"minecraft:zombie_villager":1,"minecraft:spider":1,"minecraft:creeper":1,"minecraft:sheep":8,"minecraft:skeleton":4,"minecraft:zombie":5,"minecraft:chicken":3,"minecraft:drowned":1,"minecraft:cow":6},"minecraft:used":{"minecraft:cooked_mutton":1,"minecraft:stone_shovel":131,"minecraft:stone_pickaxe":36,"minecraft:chest":1,"minecraft:wooden_pickaxe":20,"minecraft:cooked_chicken":2,"minecraft:sand":41,"minecraft:dirt":6,"minecraft:mutton":4,"minecraft:crafting_table":6,"minecraft:jungle_planks":81,"minecraft:white_bed":3,"minecraft:chicken":1,"minecraft:jungle_stairs":39,"minecraft:stone_axe":157,"minecraft:cobblestone":5,"minecraft:furnace":2,"minecraft:cooked_porkchop":8,"minecraft:andesite":2,"minecraft:egg":4,"minecraft:cooked_beef":8},"minecraft:mined":{"minecraft:white_bed":1,"minecraft:dark_oak_leaves":2,"minecraft:jungle_leaves":5,"cobblemon:big_root":1,"minecraft:crafting_table":4,"minecraft:jungle_stairs":23,"minecraft:grass_block":4,"minecraft:jungle_planks":3,"minecraft:jungle_log":32,"minecraft:copper_ore":7,"minecraft:fire":2,"minecraft:andesite":2,"minecraft:birch_leaves":4,"cobblemon:medicinal_leek":1,"minecraft:grass":15,"minecraft:coal_ore":7,"minecraft:vine":6,"minecraft:sand":152,"minecraft:dirt":8,"minecraft:stone":32,"minecraft:oak_leaves":5,"minecraft:fern":3},"minecraft:picked_up":{"minecraft:birch_log":2,"minecraft:cocoa_beans":11,"minecraft:crafting_table":4,"minecraft:feather":8,"minecraft:cooked_beef":1,"minecraft:chicken":5,"minecraft:andesite":2,"minecraft:jungle_log":32,"cobblemon:yellow_apricorn":13,"minecraft:leather":2,"cobblemon:red_apricorn":10,"minecraft:gunpowder":1,"minecraft:dirt":46,"minecraft:string":5,"minecraft:raw_copper":28,"cobblemon:white_apricorn":1,"minecraft:bone":3,"minecraft:bow":1,"cobblemon:black_apricorn":3,"minecraft:wheat_seeds":1,"cobblemon:white_apricorn_seed":1,"minecraft:beef":9,"cobblemon:oran_berry":13,"minecraft:jungle_sapling":2,"cobblemon:big_root":1,"cobbledex:cobbledex_item":1,"minecraft:egg":10,"cobblemon:azure_ball":1,"minecraft:stick":2,"cobblemon:apricorn_log":2,"cobblemon:black_apricorn_seed":2,"minecraft:jungle_planks":3,"minecraft:porkchop":29,"minecraft:sand":152,"cobblemon:yellow_apricorn_seed":3,"cobblemon:pink_apricorn":3,"minecraft:white_bed":1,"minecraft:rotten_flesh":5,"minecraft:arrow":7,"minecraft:jungle_stairs":23,"cobblemon:poke_ball":2,"minecraft:black_wool":1,"minecraft:mutton":12,"minecraft:coal":7,"cobblemon:blue_apricorn":15,"minecraft:white_wool":7,"minecraft:cobblestone":34},"minecraft:broken":{"minecraft:stone_axe":1,"minecraft:stone_shovel":1},"minecraft:custom":{"minecraft:interact_with_furnace":21,"minecraft:mob_kills":45,"minecraft:interact_with_crafting_table":23,"minecraft:leave_game":4,"minecraft:time_since_death":132270,"minecraft:sleep_in_bed":5,"minecraft:climb_one_cm":11320,"minecraft:time_since_rest":6798,"minecraft:sprint_one_cm":375567,"minecraft:damage_taken":1080,"minecraft:walk_one_cm":305671,"minecraft:drop":5,"minecraft:damage_dealt":5526,"minecraft:swim_one_cm":2454,"minecraft:fly_one_cm":469195,"minecraft:open_chest":14,"minecraft:crouch_one_cm":88,"minecraft:play_time":132270,"minecraft:sneak_time":137,"minecraft:walk_under_water_one_cm":1254,"minecraft:jump":2227,"minecraft:walk_on_water_one_cm":8231,"minecraft:total_world_time":132270,"minecraft:fall_one_cm":67230},"minecraft:dropped":{"minecraft:cooked_beef":1,"minecraft:cocoa_beans":3,"cobbledex:cobbledex_item":1}},"DataVersion":3465}