{"stats":{"minecraft:crafted":{"minecraft:cooked_beef":8,"minecraft:stone_shovel":1,"minecraft:cooked_porkchop":3,"minecraft:crafting_table":2,"minecraft:wooden_pickaxe":1,"minecraft:cooked_chicken":3,"cobblemon:apricorn_planks":8,"minecraft:furnace":1,"minecraft:copper_ingot":8,"minecraft:birch_planks":8,"minecraft:stone_axe":2,"minecraft:cooked_mutton":1,"minecraft:air":0,"minecraft:jungle_planks":128,"cobblemon:poke_ball":8,"minecraft:stick":12,"minecraft:stone_pickaxe":1,"minecraft:chest":1,"minecraft:white_bed":2,"minecraft:jungle_stairs":16,"cobblemon:azure_ball":4},"minecraft:killed":{"minecraft:pig":9,"minecraft:spider":1,"minecraft:creeper":1,"minecraft:sheep":7,"minecraft:skeleton":4,"minecraft:zombie":3,"minecraft:chicken":3,"minecraft:drowned":1,"minecraft:cow":5},"minecraft:used":{"minecraft:cooked_mutton":1,"minecraft:stone_shovel":131,"minecraft:stone_pickaxe":36,"minecraft:chest":1,"minecraft:wooden_pickaxe":20,"minecraft:cooked_chicken":2,"minecraft:sand":35,"minecraft:dirt":6,"minecraft:mutton":4,"minecraft:crafting_table":5,"minecraft:jungle_planks":61,"minecraft:white_bed":3,"minecraft:chicken":1,"minecraft:jungle_stairs":21,"minecraft:stone_axe":126,"minecraft:cobblestone":5,"minecraft:furnace":1,"minecraft:cooked_porkchop":3,"minecraft:andesite":2,"minecraft:egg":4,"minecraft:cooked_beef":8},"minecraft:mined":{"minecraft:white_bed":1,"minecraft:dark_oak_leaves":2,"minecraft:jungle_leaves":5,"cobblemon:big_root":1,"minecraft:crafting_table":3,"minecraft:jungle_stairs":8,"minecraft:grass_block":4,"minecraft:jungle_planks":2,"minecraft:jungle_log":32,"minecraft:copper_ore":7,"minecraft:fire":2,"minecraft:andesite":2,"minecraft:birch_leaves":4,"cobblemon:medicinal_leek":1,"minecraft:grass":15,"minecraft:coal_ore":7,"minecraft:vine":6,"minecraft:sand":150,"minecraft:dirt":8,"minecraft:stone":32,"minecraft:oak_leaves":4,"minecraft:fern":3},"minecraft:picked_up":{"minecraft:birch_log":2,"minecraft:cocoa_beans":11,"minecraft:crafting_table":3,"minecraft:feather":8,"minecraft:cooked_beef":1,"minecraft:chicken":5,"minecraft:andesite":2,"minecraft:jungle_log":32,"cobblemon:yellow_apricorn":13,"minecraft:leather":2,"cobblemon:red_apricorn":10,"minecraft:gunpowder":1,"minecraft:dirt":46,"minecraft:string":5,"minecraft:raw_copper":28,"minecraft:bone":3,"minecraft:bow":1,"minecraft:wheat_seeds":1,"minecraft:beef":8,"cobblemon:oran_berry":13,"minecraft:jungle_sapling":2,"cobblemon:big_root":1,"cobbledex:cobbledex_item":1,"minecraft:egg":10,"minecraft:stick":2,"cobblemon:apricorn_log":2,"minecraft:jungle_planks":2,"minecraft:porkchop":18,"minecraft:sand":150,"cobblemon:yellow_apricorn_seed":3,"minecraft:white_bed":1,"minecraft:rotten_flesh":4,"minecraft:arrow":7,"minecraft:jungle_stairs":8,"cobblemon:poke_ball":2,"minecraft:black_wool":1,"minecraft:mutton":10,"minecraft:coal":7,"cobblemon:blue_apricorn":9,"minecraft:white_wool":6,"minecraft:cobblestone":34},"minecraft:broken":{"minecraft:stone_axe":1,"minecraft:stone_shovel":1},"minecraft:custom":{"minecraft:interact_with_furnace":16,"minecraft:mob_kills":35,"minecraft:interact_with_crafting_table":21,"minecraft:leave_game":4,"minecraft:time_since_death":84270,"minecraft:sleep_in_bed":3,"minecraft:climb_one_cm":9498,"minecraft:time_since_rest":14748,"minecraft:sprint_one_cm":248703,"minecraft:damage_taken":940,"minecraft:walk_one_cm":245871,"minecraft:drop":5,"minecraft:damage_dealt":4326,"minecraft:swim_one_cm":1225,"minecraft:fly_one_cm":286884,"minecraft:open_chest":10,"minecraft:crouch_one_cm":88,"minecraft:play_time":84270,"minecraft:sneak_time":133,"minecraft:walk_under_water_one_cm":1127,"minecraft:jump":1550,"minecraft:walk_on_water_one_cm":5605,"minecraft:total_world_time":84270,"minecraft:fall_one_cm":47661},"minecraft:dropped":{"minecraft:cooked_beef":1,"minecraft:cocoa_beans":3,"cobbledex:cobbledex_item":1}},"DataVersion":3465}