{"stats":{"minecraft:dropped":{"minecraft:wheat_seeds":1},"minecraft:mined":{"minecraft:white_bed":2,"cobblemon:big_root":1,"minecraft:crafting_table":2,"minecraft:grass":8,"minecraft:oak_log":5,"minecraft:grass_block":2,"minecraft:coal_ore":6,"minecraft:gravel":1,"minecraft:dirt":2,"minecraft:copper_ore":9,"minecraft:lapis_ore":7,"minecraft:stone":30},"minecraft:picked_up":{"minecraft:wooden_axe":1,"minecraft:stick":2,"minecraft:crafting_table":2,"minecraft:leather":3,"minecraft:gravel":1,"minecraft:porkchop":5,"minecraft:oak_log":5,"minecraft:white_bed":2,"minecraft:lapis_lazuli":50,"minecraft:dirt":4,"minecraft:raw_copper":34,"cobblemon:white_apricorn":7,"minecraft:wheat_seeds":3,"cobblemon:black_apricorn":4,"minecraft:beef":7,"cobblemon:big_root":1,"cobbledex:cobbledex_item":1,"minecraft:mutton":4,"minecraft:oak_planks":3,"minecraft:coal":6,"minecraft:white_wool":4,"minecraft:cobblestone":30,"minecraft:egg":2},"minecraft:used":{"minecraft:stone_pickaxe":46,"minecraft:wooden_pickaxe":8,"minecraft:stone_axe":19,"minecraft:dirt":4,"minecraft:crafting_table":2,"minecraft:furnace":1,"minecraft:porkchop":5,"minecraft:white_bed":2},"minecraft:crafted":{"minecraft:cooked_beef":7,"minecraft:oak_planks":20,"minecraft:stick":8,"minecraft:wooden_pickaxe":1,"minecraft:stone_pickaxe":1,"cobblemon:slate_ball":4,"minecraft:furnace":1,"minecraft:white_bed":1,"minecraft:copper_ingot":8,"cobblemon:premier_ball":4,"minecraft:stone_axe":1,"minecraft:cooked_mutton":2,"minecraft:air":0},"minecraft:killed":{"minecraft:sheep":2,"minecraft:pig":2,"cobblemon:pokemon":1,"minecraft:cow":3},"minecraft:custom":{"minecraft:time_since_rest":5056,"minecraft:interact_with_furnace":7,"minecraft:sprint_one_cm":22693,"minecraft:damage_taken":168,"minecraft:walk_one_cm":60079,"minecraft:mob_kills":8,"minecraft:drop":1,"minecraft:damage_dealt":1130,"minecraft:swim_one_cm":1510,"minecraft:interact_with_crafting_table":6,"minecraft:fly_one_cm":36435,"minecraft:player_kills":1,"minecraft:play_time":17429,"minecraft:crouch_one_cm":32,"minecraft:sneak_time":99,"minecraft:walk_under_water_one_cm":155,"minecraft:jump":233,"minecraft:leave_game":1,"minecraft:time_since_death":17429,"minecraft:walk_on_water_one_cm":501,"minecraft:sleep_in_bed":1,"minecraft:total_world_time":17429,"minecraft:fall_one_cm":7948}},"DataVersion":3465}