{"stats":{"minecraft:crafted":{"minecraft:cooked_beef":8,"minecraft:stone_shovel":1,"minecraft:cooked_porkchop":3,"minecraft:crafting_table":2,"minecraft:wooden_pickaxe":1,"minecraft:cooked_chicken":3,"cobblemon:apricorn_planks":8,"minecraft:furnace":1,"minecraft:copper_ingot":8,"minecraft:birch_planks":8,"minecraft:stone_axe":1,"minecraft:cooked_mutton":1,"minecraft:air":0,"minecraft:jungle_planks":64,"cobblemon:poke_ball":8,"minecraft:stick":12,"minecraft:stone_pickaxe":1,"minecraft:chest":1,"minecraft:white_bed":2,"cobblemon:azure_ball":4},"minecraft:killed":{"minecraft:pig":9,"minecraft:spider":1,"minecraft:creeper":1,"minecraft:sheep":7,"minecraft:skeleton":3,"minecraft:zombie":2,"minecraft:chicken":3,"minecraft:drowned":1,"minecraft:cow":5},"minecraft:used":{"minecraft:cooked_mutton":1,"minecraft:stone_shovel":131,"minecraft:stone_pickaxe":36,"minecraft:chest":1,"minecraft:wooden_pickaxe":20,"minecraft:cooked_chicken":2,"minecraft:sand":10,"minecraft:dirt":6,"minecraft:mutton":4,"minecraft:crafting_table":5,"minecraft:jungle_planks":46,"minecraft:white_bed":3,"minecraft:chicken":1,"minecraft:stone_axe":92,"minecraft:furnace":1,"minecraft:cooked_porkchop":3,"minecraft:andesite":2,"minecraft:egg":4,"minecraft:cooked_beef":5},"minecraft:mined":{"minecraft:white_bed":1,"minecraft:dark_oak_leaves":2,"minecraft:jungle_leaves":4,"cobblemon:big_root":1,"minecraft:crafting_table":3,"minecraft:grass_block":4,"minecraft:jungle_planks":2,"minecraft:jungle_log":16,"minecraft:copper_ore":7,"minecraft:fire":2,"minecraft:andesite":2,"minecraft:birch_leaves":4,"cobblemon:medicinal_leek":1,"minecraft:grass":12,"minecraft:coal_ore":7,"minecraft:vine":2,"minecraft:sand":143,"minecraft:dirt":8,"minecraft:stone":32,"minecraft:oak_leaves":4,"minecraft:fern":3},"minecraft:picked_up":{"minecraft:birch_log":2,"minecraft:cocoa_beans":5,"minecraft:crafting_table":3,"minecraft:feather":7,"minecraft:cooked_beef":1,"minecraft:chicken":4,"minecraft:andesite":2,"minecraft:jungle_log":16,"cobblemon:yellow_apricorn":13,"minecraft:leather":2,"cobblemon:red_apricorn":10,"minecraft:gunpowder":1,"minecraft:dirt":46,"minecraft:string":2,"minecraft:raw_copper":28,"minecraft:bone":3,"minecraft:beef":8,"cobblemon:oran_berry":13,"minecraft:jungle_sapling":2,"cobblemon:big_root":1,"cobbledex:cobbledex_item":1,"minecraft:egg":10,"minecraft:stick":2,"cobblemon:apricorn_log":2,"minecraft:jungle_planks":2,"minecraft:porkchop":18,"minecraft:sand":143,"cobblemon:yellow_apricorn_seed":3,"minecraft:white_bed":1,"minecraft:rotten_flesh":3,"minecraft:arrow":6,"cobblemon:poke_ball":2,"minecraft:black_wool":1,"minecraft:mutton":10,"minecraft:coal":7,"cobblemon:blue_apricorn":9,"minecraft:white_wool":6,"minecraft:cobblestone":34},"minecraft:broken":{"minecraft:stone_axe":1,"minecraft:stone_shovel":1},"minecraft:custom":{"minecraft:interact_with_furnace":16,"minecraft:mob_kills":33,"minecraft:interact_with_crafting_table":18,"minecraft:leave_game":4,"minecraft:time_since_death":60270,"minecraft:sleep_in_bed":2,"minecraft:climb_one_cm":7681,"minecraft:time_since_rest":4869,"minecraft:sprint_one_cm":209093,"minecraft:damage_taken":775,"minecraft:walk_one_cm":189694,"minecraft:drop":2,"minecraft:damage_dealt":4016,"minecraft:swim_one_cm":1225,"minecraft:fly_one_cm":238689,"minecraft:open_chest":5,"minecraft:crouch_one_cm":88,"minecraft:play_time":60270,"minecraft:sneak_time":127,"minecraft:walk_under_water_one_cm":1127,"minecraft:jump":1244,"minecraft:walk_on_water_one_cm":5512,"minecraft:total_world_time":60270,"minecraft:fall_one_cm":37962},"minecraft:dropped":{"minecraft:cooked_beef":1,"cobbledex:cobbledex_item":1}},"DataVersion":3465}