{"stats":{"minecraft:mined":{"megamons:anistarite_rough_geode_block":1,"minecraft:diamond_ore":1,"minecraft:white_bed":3,"megamons:anistarite_geode_block":13,"minecraft:deepslate_diamond_ore":2,"cobblemon:big_root":2,"minecraft:crafting_table":4,"minecraft:granite":10,"minecraft:grass_block":2,"megamons:crystal_water_stone_ore":1,"minecraft:copper_ore":9,"minecraft:cobblestone":1,"minecraft:deepslate_gold_ore":8,"megamons:crystal_moon_stone_ore":1,"minecraft:lapis_ore":7,"minecraft:furnace":2,"minecraft:iron_ore":13,"minecraft:andesite":12,"minecraft:grass":8,"minecraft:coal_ore":6,"minecraft:oak_log":5,"minecraft:gravel":3,"minecraft:dirt":2,"minecraft:stone":193,"minecraft:deepslate":37,"megamons:crystal_leaf_stone_ore":1},"minecraft:dropped":{"minecraft:gravel":3,"minecraft:wheat_seeds":3,"minecraft:cobbled_deepslate":10,"minecraft:wooden_axe":1},"minecraft:picked_up":{"minecraft:wooden_axe":1,"cobblemon:leaf_stone":1,"minecraft:crafting_table":4,"minecraft:andesite":12,"minecraft:leather":3,"minecraft:oak_log":5,"megamons:anistarite_geode_block":13,"minecraft:lapis_lazuli":50,"minecraft:dirt":4,"minecraft:raw_copper":34,"cobblemon:white_apricorn":7,"cobblemon:black_apricorn":4,"minecraft:wheat_seeds":3,"minecraft:cobbled_deepslate":10,"minecraft:raw_gold":8,"minecraft:beef":7,"cobblemon:big_root":2,"cobblemon:moon_stone":1,"minecraft:oak_planks":3,"cobbledex:cobbledex_item":1,"minecraft:egg":2,"minecraft:furnace":2,"minecraft:stick":2,"minecraft:raw_iron":23,"minecraft:gravel":3,"minecraft:porkchop":5,"minecraft:white_bed":3,"megamons:anistarite_rough_geode_block":1,"minecraft:diamond":3,"minecraft:granite":10,"cobblemon:water_stone":1,"minecraft:mutton":4,"minecraft:coal":7,"minecraft:white_wool":4,"minecraft:cobblestone":194},"minecraft:used":{"minecraft:cooked_mutton":1,"minecraft:stone_pickaxe":133,"minecraft:wooden_pickaxe":8,"minecraft:dirt":4,"minecraft:crafting_table":3,"minecraft:white_bed":3,"minecraft:iron_pickaxe":182,"minecraft:stone_axe":24,"minecraft:cobblestone":22,"minecraft:furnace":2,"minecraft:porkchop":5},"minecraft:broken":{"minecraft:stone_pickaxe":1},"minecraft:crafted":{"minecraft:cooked_beef":7,"minecraft:oak_planks":20,"minecraft:wooden_pickaxe":1,"cobblemon:slate_ball":4,"minecraft:furnace":1,"minecraft:copper_ingot":8,"minecraft:stone_axe":1,"cobblemon:premier_ball":4,"minecraft:air":0,"minecraft:cooked_mutton":4,"cobblemon:remedy":1,"minecraft:stick":8,"minecraft:iron_ingot":3,"minecraft:iron_pickaxe":1,"minecraft:stone_pickaxe":1,"minecraft:white_bed":1},"minecraft:killed":{"minecraft:pig":2,"cobblemon:pokemon":1,"minecraft:skeleton":1,"minecraft:sheep":2,"minecraft:cow":3},"minecraft:custom":{"minecraft:interact_with_furnace":16,"minecraft:mob_kills":9,"minecraft:interact_with_crafting_table":9,"minecraft:leave_game":1,"minecraft:time_since_death":29429,"minecraft:sleep_in_bed":2,"minecraft:time_since_rest":3498,"minecraft:sprint_one_cm":23695,"minecraft:damage_taken":228,"minecraft:walk_one_cm":96778,"minecraft:drop":6,"minecraft:damage_dealt":1330,"minecraft:swim_one_cm":1510,"minecraft:player_kills":1,"minecraft:fly_one_cm":36732,"minecraft:crouch_one_cm":259,"minecraft:play_time":29429,"minecraft:sneak_time":175,"minecraft:walk_under_water_one_cm":155,"minecraft:jump":306,"minecraft:walk_on_water_one_cm":501,"minecraft:total_world_time":29429,"minecraft:fall_one_cm":7948}},"DataVersion":3465}