{"stats":{"minecraft:crafted":{"cobblemon:poke_ball":4,"minecraft:crafting_table":1,"minecraft:stick":8,"minecraft:cooked_chicken":1,"minecraft:wooden_pickaxe":1,"minecraft:stone_pickaxe":1,"minecraft:furnace":1,"minecraft:white_bed":1,"minecraft:copper_ingot":8,"minecraft:stone_axe":1,"minecraft:cooked_mutton":1,"minecraft:air":0,"minecraft:jungle_planks":20},"minecraft:killed":{"minecraft:skeleton":2,"minecraft:sheep":3,"minecraft:zombie":1,"minecraft:chicken":1,"minecraft:spider":1,"minecraft:cow":3},"minecraft:used":{"minecraft:cooked_mutton":1,"minecraft:stone_pickaxe":36,"minecraft:wooden_pickaxe":20,"minecraft:cooked_chicken":1,"minecraft:stone_axe":34,"minecraft:dirt":6,"minecraft:mutton":4,"minecraft:crafting_table":3,"minecraft:furnace":1,"minecraft:andesite":2,"minecraft:egg":1},"minecraft:mined":{"minecraft:dark_oak_leaves":2,"minecraft:jungle_leaves":1,"minecraft:birch_leaves":1,"minecraft:andesite":2,"cobblemon:big_root":1,"minecraft:crafting_table":2,"minecraft:grass":11,"minecraft:grass_block":4,"minecraft:coal_ore":7,"minecraft:vine":1,"minecraft:jungle_log":5,"minecraft:dirt":8,"minecraft:copper_ore":7,"minecraft:stone":32,"minecraft:oak_leaves":1,"minecraft:fern":1},"minecraft:picked_up":{"minecraft:birch_log":2,"minecraft:crafting_table":2,"cobblemon:apricorn_log":2,"minecraft:feather":2,"minecraft:chicken":2,"minecraft:jungle_log":5,"minecraft:andesite":2,"minecraft:leather":1,"cobblemon:red_apricorn":4,"minecraft:string":1,"minecraft:dirt":12,"minecraft:raw_copper":28,"minecraft:bone":3,"minecraft:arrow":4,"cobblemon:poke_ball":2,"minecraft:beef":5,"minecraft:jungle_sapling":1,"cobblemon:big_root":1,"cobblemon:blue_apricorn":7,"minecraft:mutton":5,"minecraft:coal":7,"minecraft:white_wool":3,"minecraft:cobblestone":34,"minecraft:egg":4},"minecraft:custom":{"minecraft:time_since_rest":24270,"minecraft:interact_with_furnace":6,"minecraft:sprint_one_cm":67712,"minecraft:damage_taken":325,"minecraft:walk_one_cm":68299,"minecraft:mob_kills":12,"minecraft:damage_dealt":1581,"minecraft:swim_one_cm":341,"minecraft:interact_with_crafting_table":6,"minecraft:fly_one_cm":71702,"minecraft:walk_under_water_one_cm":61,"minecraft:crouch_one_cm":88,"minecraft:play_time":24270,"minecraft:sneak_time":127,"minecraft:jump":361,"minecraft:walk_on_water_one_cm":3360,"minecraft:leave_game":4,"minecraft:time_since_death":24270,"minecraft:total_world_time":24270,"minecraft:climb_one_cm":502,"minecraft:fall_one_cm":11112}},"DataVersion":3465}