{"stats":{"minecraft:crafted":{"minecraft:cooked_beef":8,"minecraft:stone_shovel":1,"minecraft:cooked_porkchop":19,"minecraft:crafting_table":2,"minecraft:wooden_pickaxe":1,"minecraft:cooked_chicken":3,"cobblemon:apricorn_planks":8,"minecraft:furnace":2,"minecraft:copper_ingot":19,"minecraft:birch_planks":8,"minecraft:stone_axe":2,"minecraft:cooked_mutton":1,"minecraft:air":0,"minecraft:jungle_planks":160,"cobblemon:poke_ball":8,"minecraft:stick":12,"minecraft:stone_pickaxe":1,"minecraft:chest":1,"minecraft:white_bed":2,"minecraft:jungle_stairs":16,"cobblemon:azure_ball":12,"cobblemon:citrine_ball":12},"minecraft:killed":{"minecraft:pig":13,"cobblemon:pokemon":1,"minecraft:zombie_villager":1,"minecraft:spider":1,"minecraft:creeper":1,"minecraft:sheep":9,"minecraft:skeleton":4,"minecraft:zombie":9,"minecraft:chicken":3,"minecraft:drowned":2,"minecraft:cow":6},"minecraft:used":{"minecraft:cooked_mutton":1,"minecraft:stone_shovel":131,"minecraft:stone_pickaxe":36,"minecraft:chest":1,"minecraft:wooden_pickaxe":20,"minecraft:cooked_chicken":3,"minecraft:sand":102,"minecraft:dirt":6,"minecraft:mutton":4,"minecraft:crafting_table":6,"minecraft:jungle_planks":81,"minecraft:white_bed":3,"minecraft:chicken":1,"minecraft:jungle_stairs":39,"minecraft:stone_axe":187,"minecraft:cobblestone":5,"minecraft:furnace":2,"minecraft:cooked_porkchop":14,"minecraft:andesite":2,"minecraft:egg":4,"minecraft:cooked_beef":8},"minecraft:mined":{"minecraft:white_bed":1,"minecraft:dark_oak_leaves":2,"minecraft:jungle_leaves":5,"cobblemon:big_root":1,"minecraft:crafting_table":4,"minecraft:jungle_stairs":23,"minecraft:grass_block":4,"minecraft:jungle_planks":3,"minecraft:jungle_log":40,"minecraft:tall_grass":3,"minecraft:copper_ore":7,"minecraft:sugar_cane":1,"minecraft:fire":2,"minecraft:andesite":2,"minecraft:birch_leaves":4,"cobblemon:medicinal_leek":1,"minecraft:grass":20,"minecraft:coal_ore":7,"minecraft:vine":7,"minecraft:sand":159,"minecraft:dirt":8,"minecraft:stone":32,"minecraft:oak_leaves":6,"minecraft:fern":3},"minecraft:picked_up":{"minecraft:birch_log":2,"minecraft:cocoa_beans":11,"minecraft:crafting_table":4,"minecraft:feather":8,"minecraft:cooked_beef":1,"minecraft:chicken":5,"minecraft:andesite":2,"minecraft:jungle_log":40,"cobblemon:yellow_apricorn":13,"minecraft:leather":2,"cobblemon:red_apricorn":10,"minecraft:gunpowder":1,"minecraft:dirt":46,"minecraft:string":5,"cobblemon:pink_apricorn_seed":1,"minecraft:raw_copper":28,"cobblemon:white_apricorn":1,"minecraft:bone":3,"minecraft:bow":1,"cobblemon:black_apricorn":3,"minecraft:wheat_seeds":7,"cobblemon:green_apricorn":7,"cobblemon:white_apricorn_seed":1,"minecraft:beef":9,"cobblemon:oran_berry":23,"minecraft:jungle_sapling":2,"cobblemon:big_root":1,"minecraft:sugar_cane":3,"cobbledex:cobbledex_item":1,"minecraft:egg":10,"cobblemon:azure_ball":1,"minecraft:stick":2,"cobblemon:apricorn_log":2,"cobblemon:black_apricorn_seed":2,"minecraft:jungle_planks":3,"minecraft:porkchop":29,"minecraft:sand":159,"cobblemon:yellow_apricorn_seed":3,"cobblemon:pink_apricorn":6,"minecraft:white_bed":1,"minecraft:rotten_flesh":8,"minecraft:arrow":7,"minecraft:jungle_stairs":23,"cobblemon:poke_ball":2,"cobblemon:chesto_berry":11,"minecraft:oak_sapling":1,"minecraft:black_wool":1,"minecraft:mutton":14,"minecraft:coal":7,"cobblemon:blue_apricorn":18,"minecraft:white_wool":8,"minecraft:cobblestone":34},"minecraft:broken":{"minecraft:stone_axe":1,"minecraft:stone_shovel":1},"minecraft:custom":{"minecraft:interact_with_furnace":26,"minecraft:mob_kills":51,"minecraft:interact_with_crafting_table":28,"minecraft:leave_game":4,"minecraft:time_since_death":156270,"minecraft:sleep_in_bed":7,"minecraft:climb_one_cm":13832,"minecraft:time_since_rest":1620,"minecraft:sprint_one_cm":510627,"minecraft:damage_taken":1340,"minecraft:walk_one_cm":348190,"minecraft:drop":5,"minecraft:damage_dealt":6606,"minecraft:swim_one_cm":3830,"minecraft:fly_one_cm":718759,"minecraft:open_chest":19,"minecraft:crouch_one_cm":147,"minecraft:play_time":156270,"minecraft:sneak_time":148,"minecraft:walk_under_water_one_cm":1868,"minecraft:jump":3120,"minecraft:walk_on_water_one_cm":14030,"minecraft:total_world_time":156270,"minecraft:fall_one_cm":91472},"minecraft:dropped":{"minecraft:cooked_beef":1,"minecraft:cocoa_beans":3,"cobbledex:cobbledex_item":1}},"DataVersion":3465}