{"stats":{"minecraft:crafted":{"minecraft:cooked_beef":8,"minecraft:cooked_porkchop":3,"minecraft:crafting_table":2,"minecraft:wooden_pickaxe":1,"minecraft:cooked_chicken":3,"cobblemon:apricorn_planks":4,"minecraft:furnace":1,"minecraft:copper_ingot":8,"minecraft:stone_axe":1,"minecraft:cooked_mutton":1,"minecraft:air":0,"minecraft:jungle_planks":20,"cobblemon:poke_ball":8,"minecraft:stick":8,"minecraft:stone_pickaxe":1,"minecraft:white_bed":2,"cobblemon:azure_ball":4},"minecraft:killed":{"minecraft:pig":9,"minecraft:spider":1,"minecraft:creeper":1,"minecraft:sheep":7,"minecraft:skeleton":3,"minecraft:zombie":2,"minecraft:chicken":3,"minecraft:drowned":1,"minecraft:cow":5},"minecraft:used":{"minecraft:cooked_mutton":1,"minecraft:stone_pickaxe":36,"minecraft:wooden_pickaxe":20,"minecraft:cooked_chicken":2,"minecraft:dirt":6,"minecraft:mutton":4,"minecraft:crafting_table":4,"minecraft:white_bed":2,"minecraft:chicken":1,"minecraft:stone_axe":77,"minecraft:furnace":1,"minecraft:cooked_porkchop":3,"minecraft:andesite":2,"minecraft:egg":4,"minecraft:cooked_beef":4},"minecraft:mined":{"minecraft:white_bed":1,"minecraft:dark_oak_leaves":2,"minecraft:jungle_leaves":2,"cobblemon:big_root":1,"minecraft:crafting_table":3,"minecraft:grass_block":4,"minecraft:jungle_log":5,"minecraft:copper_ore":7,"minecraft:fire":2,"minecraft:andesite":2,"minecraft:birch_leaves":4,"cobblemon:medicinal_leek":1,"minecraft:grass":12,"minecraft:coal_ore":7,"minecraft:vine":1,"minecraft:dirt":8,"minecraft:stone":32,"minecraft:oak_leaves":4,"minecraft:fern":3},"minecraft:picked_up":{"minecraft:birch_log":2,"minecraft:crafting_table":3,"minecraft:feather":7,"minecraft:chicken":4,"minecraft:andesite":2,"minecraft:jungle_log":5,"cobblemon:yellow_apricorn":13,"minecraft:leather":2,"cobblemon:red_apricorn":10,"minecraft:gunpowder":1,"minecraft:dirt":46,"minecraft:string":2,"minecraft:raw_copper":28,"minecraft:bone":3,"minecraft:beef":8,"cobblemon:oran_berry":13,"minecraft:jungle_sapling":1,"cobblemon:big_root":1,"cobbledex:cobbledex_item":1,"minecraft:egg":10,"cobblemon:apricorn_log":2,"minecraft:porkchop":18,"cobblemon:yellow_apricorn_seed":3,"minecraft:white_bed":1,"minecraft:rotten_flesh":3,"minecraft:arrow":6,"cobblemon:poke_ball":2,"minecraft:black_wool":1,"minecraft:mutton":10,"minecraft:coal":7,"cobblemon:blue_apricorn":9,"minecraft:white_wool":6,"minecraft:cobblestone":34},"minecraft:custom":{"minecraft:interact_with_furnace":16,"minecraft:mob_kills":33,"minecraft:interact_with_crafting_table":11,"minecraft:leave_game":4,"minecraft:time_since_death":48270,"minecraft:sleep_in_bed":1,"minecraft:climb_one_cm":3597,"minecraft:time_since_rest":5804,"minecraft:sprint_one_cm":185708,"minecraft:damage_taken":685,"minecraft:walk_one_cm":135561,"minecraft:drop":1,"minecraft:damage_dealt":4016,"minecraft:swim_one_cm":1225,"minecraft:fly_one_cm":213502,"minecraft:crouch_one_cm":88,"minecraft:play_time":48270,"minecraft:sneak_time":127,"minecraft:walk_under_water_one_cm":1127,"minecraft:jump":1053,"minecraft:walk_on_water_one_cm":5301,"minecraft:total_world_time":48270,"minecraft:fall_one_cm":32115},"minecraft:dropped":{"cobbledex:cobbledex_item":1}},"DataVersion":3465}