{"stats":{"minecraft:crafted":{"minecraft:cooked_porkchop":1,"minecraft:crafting_table":1,"minecraft:stick":16,"minecraft:wooden_pickaxe":1,"minecraft:stone_pickaxe":1,"minecraft:furnace":1,"minecraft:birch_planks":52,"minecraft:stone_axe":1,"minecraft:cooked_rabbit":2,"minecraft:cooked_mutton":2},"minecraft:killed":{"minecraft:sheep":1,"cobblemon:pokemon":2,"minecraft:chicken":1},"minecraft:used":{"minecraft:cooked_mutton":2,"minecraft:stone_pickaxe":116,"minecraft:wooden_pickaxe":9,"minecraft:stone_axe":36,"minecraft:dirt":3,"minecraft:cobblestone":22,"minecraft:crafting_table":2,"minecraft:cooked_porkchop":1,"minecraft:furnace":2,"minecraft:cooked_rabbit":1},"minecraft:mined":{"minecraft:magma_block":2,"minecraft:furnace":2,"minecraft:dark_oak_leaves":36,"minecraft:birch_log":13,"minecraft:fire":15,"minecraft:jungle_leaves":34,"minecraft:birch_leaves":1,"minecraft:crafting_table":2,"minecraft:grass":8,"minecraft:grass_block":13,"minecraft:vine":1,"minecraft:dirt":4,"minecraft:cobblestone":10,"minecraft:netherrack":64,"minecraft:stone":44,"minecraft:oak_leaves":3,"minecraft:fern":4},"minecraft:picked_up":{"minecraft:birch_log":13,"minecraft:stick":1,"cobblemon:red_apricorn_seed":1,"minecraft:crafting_table":2,"minecraft:feather":2,"minecraft:chicken":1,"minecraft:sweet_berries":2,"cobblemon:red_apricorn":8,"minecraft:wooden_pickaxe":1,"minecraft:birch_planks":12,"minecraft:porkchop":1,"minecraft:string":1,"minecraft:dirt":18,"minecraft:wheat_seeds":2,"minecraft:rabbit_hide":1,"minecraft:rabbit":3,"minecraft:oak_sapling":1,"minecraft:netherrack":51,"minecraft:black_wool":1,"minecraft:mutton":2,"cobblemon:blue_apricorn":8,"minecraft:cobblestone":54,"minecraft:furnace":2},"minecraft:custom":{"minecraft:time_since_rest":45937,"minecraft:interact_with_furnace":7,"minecraft:sprint_one_cm":77969,"minecraft:damage_taken":170,"minecraft:walk_one_cm":111306,"minecraft:mob_kills":4,"minecraft:drop":3,"minecraft:damage_dealt":605,"minecraft:interact_with_crafting_table":13,"minecraft:fly_one_cm":45123,"minecraft:crouch_one_cm":223,"minecraft:play_time":45937,"minecraft:sneak_time":76,"minecraft:jump":361,"minecraft:time_since_death":45937,"minecraft:walk_on_water_one_cm":95,"minecraft:total_world_time":45937,"minecraft:climb_one_cm":755,"minecraft:fall_one_cm":7494},"minecraft:dropped":{"minecraft:oak_sapling":1,"minecraft:wooden_pickaxe":1,"minecraft:string":1}},"DataVersion":3465}