{"stats":{"minecraft:dropped":{"minecraft:wooden_axe":1,"minecraft:wooden_pickaxe":1},"minecraft:mined":{"minecraft:white_bed":1,"minecraft:crafting_table":3,"cobblemon:apricorn_leaves":1,"minecraft:grass":24,"minecraft:coal_ore":7,"minecraft:oak_log":14,"minecraft:dirt":1,"minecraft:stone":25,"minecraft:oak_leaves":4,"cobblemon:relic_coin_pouch":1},"minecraft:picked_up":{"minecraft:crafting_table":3,"minecraft:leather":1,"cobblemon:red_apricorn":2,"cobblemon:cheri_berry":1,"minecraft:porkchop":8,"minecraft:oak_log":14,"cobblemon:pink_apricorn":2,"minecraft:white_bed":1,"minecraft:dirt":1,"cobblemon:pink_apricorn_seed":1,"minecraft:wheat_seeds":1,"minecraft:beef":4,"cobblemon:oran_berry":14,"cobblemon:relic_coin":4,"minecraft:coal":7,"minecraft:mutton":6,"minecraft:white_wool":6,"minecraft:cobblestone":25},"minecraft:used":{"minecraft:wooden_axe":46,"minecraft:stone_pickaxe":18,"minecraft:oak_planks":4,"minecraft:wooden_pickaxe":16,"minecraft:stone_axe":1,"minecraft:torch":8,"minecraft:dirt":1,"minecraft:cobblestone":1,"minecraft:beef":3,"minecraft:crafting_table":3,"minecraft:white_bed":1},"minecraft:crafted":{"minecraft:oak_planks":32,"minecraft:crafting_table":1,"minecraft:stick":20,"minecraft:wooden_pickaxe":1,"minecraft:stone_pickaxe":1,"minecraft:wooden_axe":1,"minecraft:white_bed":1,"minecraft:torch":24,"minecraft:stone_axe":1},"minecraft:killed":{"minecraft:pig":3,"cobblemon:pokemon":2,"minecraft:cow":3},"minecraft:custom":{"minecraft:time_since_rest":5218,"minecraft:sprint_one_cm":60350,"minecraft:damage_taken":87,"minecraft:walk_one_cm":65228,"minecraft:mob_kills":8,"minecraft:drop":2,"minecraft:damage_dealt":892,"minecraft:swim_one_cm":1486,"minecraft:interact_with_crafting_table":4,"minecraft:fly_one_cm":49545,"minecraft:crouch_one_cm":149,"minecraft:play_time":17910,"minecraft:sneak_time":173,"minecraft:walk_under_water_one_cm":313,"minecraft:jump":260,"minecraft:walk_on_water_one_cm":89,"minecraft:time_since_death":17910,"minecraft:sleep_in_bed":1,"minecraft:climb_one_cm":1080,"minecraft:total_world_time":17910,"minecraft:fall_one_cm":4827}},"DataVersion":3465}