{"stats":{"minecraft:crafted":{"minecraft:cooked_beef":14,"minecraft:cooked_porkchop":1,"minecraft:crafting_table":1,"minecraft:cooked_chicken":2,"minecraft:wooden_pickaxe":1,"minecraft:iron_helmet":1,"cobblemon:park_ball":12,"minecraft:furnace":1,"minecraft:copper_ingot":10,"minecraft:birch_planks":52,"minecraft:stone_axe":1,"minecraft:cooked_mutton":16,"cobblemon:heavy_ball":4,"cobblemon:poke_ball":8,"minecraft:iron_boots":1,"minecraft:iron_chestplate":1,"minecraft:shield":1,"minecraft:iron_axe":1,"minecraft:stick":16,"minecraft:iron_ingot":47,"minecraft:stone_pickaxe":2,"minecraft:iron_pickaxe":1,"minecraft:iron_leggings":1,"cobblemon:azure_ball":12,"minecraft:torch":24,"cobblemon:great_ball":8,"minecraft:cooked_rabbit":2},"minecraft:killed":{"minecraft:pig":4,"cobblemon:pokemon":3,"minecraft:sheep":11,"minecraft:zombie":1,"minecraft:chicken":1,"minecraft:cow":9},"minecraft:used":{"minecraft:cooked_mutton":9,"minecraft:diorite":1,"minecraft:rabbit":1,"minecraft:stone_pickaxe":234,"minecraft:shield":1,"minecraft:wooden_pickaxe":9,"minecraft:cooked_chicken":2,"minecraft:netherrack":55,"minecraft:torch":17,"minecraft:dirt":44,"minecraft:mutton":3,"minecraft:crafting_table":10,"minecraft:white_bed":5,"minecraft:jungle_sapling":1,"minecraft:iron_pickaxe":123,"minecraft:iron_axe":88,"minecraft:iron_helmet":1,"minecraft:iron_boots":1,"minecraft:stone_axe":93,"minecraft:cobblestone":39,"minecraft:sweet_berries":3,"minecraft:furnace":9,"minecraft:cooked_porkchop":1,"minecraft:cooked_rabbit":2,"minecraft:cooked_beef":2,"minecraft:iron_leggings":1},"minecraft:mined":{"minecraft:tuff":1,"minecraft:white_bed":6,"minecraft:dark_oak_leaves":36,"minecraft:jungle_leaves":34,"minecraft:torch":1,"minecraft:crafting_table":10,"cobblemon:apricorn_leaves":1,"minecraft:grass_block":23,"minecraft:melon":10,"minecraft:tall_grass":2,"minecraft:birch_wood":3,"minecraft:copper_ore":22,"minecraft:cobblestone":20,"cobblemon:oran_berry":1,"minecraft:diorite":1,"minecraft:wall_torch":1,"minecraft:magma_block":2,"minecraft:furnace":9,"minecraft:birch_log":13,"minecraft:iron_ore":49,"minecraft:fire":15,"minecraft:sweet_berry_bush":1,"minecraft:andesite":1,"minecraft:birch_leaves":1,"minecraft:mangrove_leaves":1,"cobblemon:medicinal_leek":8,"minecraft:grass":52,"minecraft:coal_ore":60,"minecraft:vine":7,"minecraft:gravel":13,"minecraft:dirt":23,"minecraft:stone":95,"minecraft:stone_bricks":1,"minecraft:netherrack":78,"minecraft:oak_leaves":10,"minecraft:fern":13},"minecraft:picked_up":{"minecraft:birch_log":13,"minecraft:crafting_table":10,"minecraft:feather":3,"minecraft:chicken":2,"minecraft:clay_ball":1,"minecraft:andesite":1,"minecraft:leather":4,"cobblemon:red_apricorn":22,"minecraft:wooden_pickaxe":2,"cobblemon:razz_berry":21,"minecraft:birch_planks":59,"minecraft:flint":1,"minecraft:tuff":1,"minecraft:dirt":47,"minecraft:string":7,"minecraft:raw_copper":79,"minecraft:bone":1,"cobblemon:black_apricorn":3,"minecraft:wheat_seeds":21,"cobblemon:green_apricorn":9,"minecraft:rabbit_hide":1,"minecraft:beef":14,"cobblemon:oran_berry":39,"minecraft:jungle_sapling":1,"minecraft:rabbit":3,"minecraft:melon_slice":46,"cobblemon:green_apricorn_seed":1,"minecraft:furnace":9,"minecraft:egg":2,"minecraft:raw_iron":50,"cobblemon:azure_ball":5,"cobblemon:red_apricorn_seed":2,"minecraft:stick":2,"minecraft:sweet_berries":2,"minecraft:sand":4,"cobblemon:park_ball":3,"minecraft:gravel":11,"minecraft:torch":2,"cobblemon:blue_apricorn_seed":4,"minecraft:porkchop":10,"minecraft:diorite":1,"minecraft:white_bed":6,"minecraft:rotten_flesh":2,"minecraft:stone_axe":1,"cobblemon:medicinal_leek":22,"minecraft:oak_sapling":1,"minecraft:netherrack":55,"minecraft:black_wool":1,"minecraft:mutton":23,"cobblemon:blue_apricorn":18,"minecraft:coal":192,"minecraft:white_wool":12,"minecraft:cobblestone":115},"minecraft:custom":{"minecraft:interact_with_furnace":49,"minecraft:mob_kills":29,"minecraft:interact_with_crafting_table":34,"minecraft:leave_game":2,"minecraft:time_since_death":175245,"minecraft:sleep_in_bed":7,"minecraft:climb_one_cm":10936,"minecraft:time_since_rest":22642,"minecraft:sprint_one_cm":383242,"minecraft:damage_taken":649,"minecraft:walk_one_cm":513414,"minecraft:damage_blocked_by_shield":20,"minecraft:drop":37,"minecraft:damage_dealt":3238,"minecraft:swim_one_cm":11923,"minecraft:fly_one_cm":256851,"minecraft:crouch_one_cm":2544,"minecraft:play_time":175245,"minecraft:sneak_time":1783,"minecraft:walk_under_water_one_cm":10557,"minecraft:jump":2032,"minecraft:total_world_time":175245,"minecraft:fall_one_cm":44310,"minecraft:walk_on_water_one_cm":47050},"minecraft:broken":{"minecraft:stone_pickaxe":1},"minecraft:dropped":{"minecraft:gravel":11,"minecraft:stone_axe":2,"minecraft:wheat_seeds":21,"minecraft:tuff":1,"minecraft:feather":3,"minecraft:rotten_flesh":2,"minecraft:flint":1,"minecraft:rabbit_hide":1,"minecraft:andesite":1,"minecraft:oak_sapling":1,"minecraft:wooden_pickaxe":3,"minecraft:stone_pickaxe":1,"minecraft:egg":2,"minecraft:string":7,"minecraft:black_wool":1}},"DataVersion":3465}