{"stats":{"minecraft:used":{"minecraft:shield":11,"minecraft:cooked_chicken":2,"minecraft:netherrack":55,"minecraft:torch":21,"minecraft:dirt":47,"minecraft:mutton":3,"minecraft:jungle_sapling":1,"minecraft:iron_axe":108,"minecraft:iron_helmet":1,"minecraft:iron_boots":1,"minecraft:sweet_berries":3,"minecraft:furnace":10,"minecraft:cooked_beef":7,"minecraft:iron_leggings":1,"minecraft:cooked_mutton":9,"minecraft:diorite":1,"minecraft:rabbit":1,"minecraft:stone_pickaxe":234,"minecraft:cactus":1,"minecraft:birch_boat":1,"minecraft:wooden_pickaxe":9,"minecraft:crafting_table":13,"minecraft:white_bed":7,"minecraft:iron_pickaxe":242,"minecraft:stone_axe":93,"minecraft:cobblestone":97,"minecraft:cooked_porkchop":1,"minecraft:cooked_rabbit":2,"minecraft:bone_meal":3,"cobblemon:blue_apricorn_seed":1},"minecraft:picked_up":{"cobblemon:leaf_stone":1,"minecraft:crafting_table":13,"minecraft:chicken":2,"minecraft:ladder":1,"minecraft:clay_ball":1,"cobblemon:red_apricorn":22,"minecraft:wooden_pickaxe":2,"minecraft:string":7,"minecraft:raw_copper":79,"minecraft:smooth_red_sandstone_slab":1,"cobblemon:green_apricorn":9,"minecraft:beef":14,"cobblemon:oran_berry":45,"cobblemon:relic_coin":51,"minecraft:jungle_sapling":1,"minecraft:spruce_slab":1,"minecraft:melon_slice":46,"minecraft:sugar_cane":7,"cobblemon:green_apricorn_seed":1,"minecraft:egg":2,"minecraft:furnace":10,"minecraft:stick":2,"minecraft:raw_iron":50,"minecraft:torch":2,"cobblemon:park_ball":3,"minecraft:porkchop":10,"minecraft:diorite":1,"cobblemon:citrine_ball":1,"cobblemon:dawn_stone":1,"minecraft:cactus":1,"minecraft:rotten_flesh":4,"cobblemon:heavy_ball":1,"minecraft:mutton":23,"cobblemon:tanga_berry":1,"cobblemon:blue_apricorn":28,"minecraft:white_wool":12,"minecraft:cobblestone":121,"minecraft:birch_log":13,"minecraft:feather":3,"minecraft:cooked_beef":1,"minecraft:smooth_red_sandstone":1,"minecraft:andesite":1,"minecraft:leather":4,"minecraft:birch_planks":59,"cobblemon:razz_berry":21,"minecraft:flint":1,"minecraft:tuff":1,"minecraft:dirt":47,"minecraft:orange_terracotta":5,"minecraft:bone":1,"cobblemon:black_apricorn":3,"minecraft:wheat_seeds":21,"minecraft:rabbit_hide":1,"minecraft:rabbit":3,"cobblemon:sun_stone":2,"cobblemon:red_apricorn_seed":2,"cobblemon:azure_ball":5,"minecraft:sweet_berries":2,"cobblemon:blue_apricorn_seed":6,"minecraft:gravel":11,"minecraft:sand":4,"minecraft:white_bed":8,"minecraft:stone_axe":1,"minecraft:coal":192,"cobblemon:medicinal_leek":22,"minecraft:oak_sapling":1,"minecraft:black_wool":1,"minecraft:netherrack":55},"minecraft:custom":{"minecraft:mob_kills":30,"minecraft:interact_with_crafting_table":55,"minecraft:leave_game":4,"minecraft:time_since_death":251475,"minecraft:climb_one_cm":11212,"minecraft:sprint_one_cm":493523,"minecraft:walk_one_cm":642773,"minecraft:damage_blocked_by_shield":86,"minecraft:drop":66,"minecraft:play_time":251475,"minecraft:sneak_time":6377,"minecraft:walk_under_water_one_cm":15917,"minecraft:boat_one_cm":148850,"minecraft:jump":2585,"minecraft:walk_on_water_one_cm":80001,"minecraft:total_world_time":251475,"minecraft:interact_with_furnace":54,"minecraft:sleep_in_bed":10,"minecraft:time_since_rest":18388,"minecraft:damage_taken":924,"minecraft:damage_dealt":3703,"minecraft:swim_one_cm":18111,"minecraft:player_kills":1,"minecraft:fly_one_cm":331265,"minecraft:crouch_one_cm":10655,"minecraft:interact_with_smoker":2,"minecraft:fall_one_cm":57104},"minecraft:broken":{"minecraft:stone_pickaxe":1},"minecraft:killed":{"minecraft:chicken":1,"minecraft:pig":4,"cobblemon:pokemon":3,"minecraft:sheep":11,"minecraft:zombie":2,"minecraft:cow":9},"minecraft:dropped":{"minecraft:iron_ingot":8,"minecraft:birch_planks":10,"minecraft:wheat_seeds":21,"minecraft:cooked_beef":1,"minecraft:crafting_table":1,"minecraft:feather":3,"minecraft:cobblestone":7,"minecraft:flint":1,"minecraft:smooth_red_sandstone":1,"minecraft:sand":4,"minecraft:smooth_red_sandstone_slab":1,"minecraft:string":7,"minecraft:gravel":11,"minecraft:furnace":1,"minecraft:stone_axe":2,"minecraft:tuff":1,"minecraft:raw_iron":2,"minecraft:rotten_flesh":2,"minecraft:clay_ball":1,"minecraft:cooked_mutton":7,"minecraft:rabbit_hide":1,"minecraft:orange_terracotta":5,"minecraft:andesite":1,"minecraft:oak_sapling":1,"minecraft:spruce_slab":1,"minecraft:wooden_pickaxe":3,"minecraft:stone_pickaxe":1,"minecraft:black_wool":1,"minecraft:egg":2},"minecraft:crafted":{"minecraft:birch_boat":1,"minecraft:cooked_chicken":2,"minecraft:furnace":1,"minecraft:bone_meal":3,"minecraft:cooked_mutton":16,"minecraft:iron_boots":1,"minecraft:iron_axe":1,"minecraft:stone_pickaxe":2,"cobblemon:azure_ball":12,"minecraft:cooked_rabbit":2,"minecraft:cooked_beef":14,"minecraft:cooked_porkchop":1,"minecraft:crafting_table":1,"minecraft:wooden_pickaxe":1,"minecraft:iron_helmet":1,"cobblemon:park_ball":12,"minecraft:copper_ingot":25,"minecraft:birch_planks":52,"minecraft:stone_axe":1,"cobblemon:heavy_ball":4,"cobblemon:poke_ball":8,"minecraft:iron_chestplate":1,"minecraft:shield":1,"minecraft:stick":16,"minecraft:iron_ingot":47,"minecraft:iron_pickaxe":1,"minecraft:iron_leggings":1,"minecraft:torch":24,"cobblemon:great_ball":16},"minecraft:mined":{"minecraft:yellow_terracotta":9,"minecraft:tuff":1,"minecraft:white_bed":8,"minecraft:dark_oak_leaves":36,"minecraft:jungle_leaves":34,"minecraft:grass_block":23,"minecraft:magma_block":2,"minecraft:furnace":10,"minecraft:iron_ore":49,"minecraft:fire":15,"minecraft:andesite":1,"cobblemon:medicinal_leek":8,"minecraft:smooth_red_sandstone":1,"minecraft:vine":7,"cobblemon:terracotta_sun_stone_ore":2,"minecraft:stone":146,"minecraft:spruce_slab":1,"megamons:crystal_leaf_stone_ore":1,"cobblemon:rawst_berry":3,"minecraft:orange_terracotta":10,"minecraft:torch":1,"minecraft:crafting_table":13,"cobblemon:apricorn_leaves":1,"minecraft:light_gray_terracotta":3,"minecraft:melon":10,"minecraft:dead_bush":3,"minecraft:smooth_red_sandstone_slab":1,"minecraft:tall_grass":2,"minecraft:copper_ore":22,"minecraft:cobblestone":26,"minecraft:birch_wood":3,"minecraft:sugar_cane":3,"cobblemon:oran_berry":1,"minecraft:diorite":1,"cobblemon:relic_coin_pouch":2,"minecraft:wall_torch":1,"minecraft:white_terracotta":3,"minecraft:birch_log":13,"minecraft:sweet_berry_bush":1,"minecraft:birch_leaves":1,"minecraft:mangrove_leaves":1,"minecraft:grass":52,"megamons:crystal_dawn_stone_ore":1,"minecraft:coal_ore":60,"minecraft:gravel":13,"minecraft:dirt":23,"minecraft:brown_terracotta":7,"minecraft:terracotta":21,"minecraft:stone_bricks":1,"minecraft:netherrack":78,"minecraft:oak_leaves":10,"minecraft:fern":13,"minecraft:suspicious_gravel":1}},"DataVersion":3465}