{"stats":{"minecraft:crafted":{"minecraft:cooked_porkchop":1,"minecraft:crafting_table":1,"minecraft:cooked_chicken":1,"minecraft:wooden_pickaxe":1,"minecraft:furnace":1,"minecraft:copper_ingot":10,"minecraft:birch_planks":52,"minecraft:stone_axe":1,"minecraft:cooked_mutton":2,"cobblemon:poke_ball":8,"minecraft:stick":16,"minecraft:stone_pickaxe":2,"cobblemon:azure_ball":12,"minecraft:cooked_rabbit":2},"minecraft:killed":{"cobblemon:pokemon":2,"minecraft:sheep":2,"minecraft:chicken":1,"minecraft:cow":2},"minecraft:used":{"minecraft:cooked_mutton":2,"minecraft:rabbit":1,"minecraft:stone_pickaxe":165,"minecraft:wooden_pickaxe":9,"minecraft:cooked_chicken":1,"minecraft:dirt":3,"minecraft:crafting_table":5,"minecraft:jungle_sapling":1,"minecraft:stone_axe":51,"minecraft:cobblestone":22,"minecraft:furnace":4,"minecraft:cooked_porkchop":1,"minecraft:cooked_rabbit":2},"minecraft:mined":{"minecraft:dark_oak_leaves":36,"minecraft:jungle_leaves":34,"minecraft:crafting_table":5,"minecraft:grass_block":14,"minecraft:cobblestone":10,"minecraft:copper_ore":22,"minecraft:magma_block":2,"minecraft:furnace":4,"minecraft:birch_log":13,"minecraft:fire":15,"minecraft:birch_leaves":1,"minecraft:grass":12,"minecraft:coal_ore":5,"minecraft:vine":1,"minecraft:dirt":4,"minecraft:stone":46,"minecraft:stone_bricks":1,"minecraft:netherrack":78,"minecraft:oak_leaves":3,"minecraft:fern":6},"minecraft:picked_up":{"minecraft:birch_log":13,"minecraft:crafting_table":5,"minecraft:feather":3,"minecraft:chicken":2,"cobblemon:red_apricorn":11,"minecraft:wooden_pickaxe":1,"minecraft:birch_planks":36,"minecraft:dirt":19,"minecraft:string":3,"minecraft:raw_copper":79,"minecraft:bone":1,"minecraft:wheat_seeds":3,"minecraft:rabbit_hide":1,"minecraft:beef":2,"cobblemon:oran_berry":34,"minecraft:jungle_sapling":1,"minecraft:rabbit":3,"minecraft:egg":1,"minecraft:furnace":4,"cobblemon:azure_ball":5,"cobblemon:red_apricorn_seed":1,"minecraft:stick":1,"minecraft:sweet_berries":2,"cobblemon:blue_apricorn_seed":2,"minecraft:porkchop":1,"minecraft:oak_sapling":1,"minecraft:black_wool":1,"minecraft:netherrack":55,"minecraft:mutton":4,"cobblemon:blue_apricorn":14,"minecraft:coal":5,"minecraft:white_wool":1,"minecraft:cobblestone":56},"minecraft:custom":{"minecraft:interact_with_furnace":15,"minecraft:mob_kills":7,"minecraft:interact_with_crafting_table":20,"minecraft:time_since_death":69937,"minecraft:climb_one_cm":1627,"minecraft:time_since_rest":69937,"minecraft:sprint_one_cm":168263,"minecraft:damage_taken":365,"minecraft:walk_one_cm":184132,"minecraft:drop":3,"minecraft:damage_dealt":947,"minecraft:swim_one_cm":5683,"minecraft:fly_one_cm":92763,"minecraft:crouch_one_cm":223,"minecraft:play_time":69937,"minecraft:sneak_time":142,"minecraft:walk_under_water_one_cm":1184,"minecraft:jump":633,"minecraft:walk_on_water_one_cm":10502,"minecraft:total_world_time":69937,"minecraft:fall_one_cm":14668},"minecraft:broken":{"minecraft:stone_pickaxe":1},"minecraft:dropped":{"minecraft:oak_sapling":1,"minecraft:wooden_pickaxe":1,"minecraft:string":1}},"DataVersion":3465}