{"stats":{"minecraft:crafted":{"minecraft:cooked_beef":2,"minecraft:cooked_porkchop":1,"minecraft:crafting_table":1,"minecraft:cooked_chicken":2,"minecraft:wooden_pickaxe":1,"minecraft:furnace":1,"minecraft:copper_ingot":10,"minecraft:birch_planks":52,"minecraft:stone_axe":1,"minecraft:cooked_mutton":4,"cobblemon:poke_ball":8,"minecraft:iron_axe":1,"minecraft:stick":16,"minecraft:iron_ingot":11,"minecraft:iron_pickaxe":1,"minecraft:stone_pickaxe":2,"cobblemon:azure_ball":12,"minecraft:torch":24,"cobblemon:great_ball":4,"minecraft:cooked_rabbit":2},"minecraft:killed":{"cobblemon:pokemon":3,"minecraft:sheep":2,"minecraft:zombie":1,"minecraft:chicken":1,"minecraft:cow":2},"minecraft:used":{"minecraft:cooked_mutton":4,"minecraft:rabbit":1,"minecraft:stone_pickaxe":234,"minecraft:wooden_pickaxe":9,"minecraft:cooked_chicken":2,"minecraft:torch":5,"minecraft:dirt":7,"minecraft:crafting_table":6,"minecraft:white_bed":1,"minecraft:jungle_sapling":1,"minecraft:iron_axe":3,"minecraft:iron_pickaxe":3,"minecraft:stone_axe":93,"minecraft:cobblestone":39,"minecraft:sweet_berries":3,"minecraft:furnace":7,"minecraft:cooked_porkchop":1,"minecraft:cooked_rabbit":2,"minecraft:cooked_beef":2},"minecraft:mined":{"minecraft:white_bed":2,"minecraft:dark_oak_leaves":36,"minecraft:jungle_leaves":34,"minecraft:crafting_table":6,"minecraft:grass_block":14,"minecraft:melon":10,"minecraft:cobblestone":20,"minecraft:copper_ore":22,"minecraft:magma_block":2,"minecraft:furnace":7,"minecraft:birch_log":13,"minecraft:iron_ore":12,"minecraft:fire":15,"minecraft:sweet_berry_bush":1,"minecraft:birch_leaves":1,"cobblemon:medicinal_leek":8,"minecraft:grass":16,"minecraft:coal_ore":49,"minecraft:vine":4,"minecraft:dirt":4,"minecraft:stone":49,"minecraft:stone_bricks":1,"minecraft:netherrack":78,"minecraft:oak_leaves":6,"minecraft:fern":7},"minecraft:picked_up":{"minecraft:birch_log":13,"minecraft:crafting_table":6,"minecraft:feather":3,"minecraft:chicken":2,"cobblemon:red_apricorn":11,"minecraft:wooden_pickaxe":2,"minecraft:birch_planks":59,"minecraft:dirt":19,"minecraft:string":5,"minecraft:raw_copper":79,"minecraft:bone":1,"minecraft:wheat_seeds":12,"minecraft:rabbit_hide":1,"minecraft:beef":2,"cobblemon:oran_berry":34,"minecraft:jungle_sapling":1,"minecraft:rabbit":3,"minecraft:melon_slice":46,"minecraft:egg":2,"minecraft:furnace":7,"cobblemon:azure_ball":5,"cobblemon:red_apricorn_seed":1,"minecraft:stick":2,"minecraft:raw_iron":12,"minecraft:sweet_berries":2,"cobblemon:blue_apricorn_seed":2,"minecraft:porkchop":1,"minecraft:white_bed":2,"minecraft:stone_axe":1,"cobblemon:medicinal_leek":22,"minecraft:oak_sapling":1,"minecraft:black_wool":1,"minecraft:netherrack":55,"minecraft:mutton":4,"cobblemon:blue_apricorn":14,"minecraft:coal":96,"minecraft:white_wool":1,"minecraft:cobblestone":69},"minecraft:custom":{"minecraft:interact_with_furnace":34,"minecraft:mob_kills":9,"minecraft:interact_with_crafting_table":27,"minecraft:time_since_death":93937,"minecraft:sleep_in_bed":2,"minecraft:climb_one_cm":4152,"minecraft:time_since_rest":4869,"minecraft:sprint_one_cm":212056,"minecraft:damage_taken":495,"minecraft:walk_one_cm":254745,"minecraft:drop":7,"minecraft:damage_dealt":1377,"minecraft:swim_one_cm":7156,"minecraft:fly_one_cm":117548,"minecraft:crouch_one_cm":2544,"minecraft:play_time":93937,"minecraft:sneak_time":1571,"minecraft:walk_under_water_one_cm":2473,"minecraft:jump":919,"minecraft:walk_on_water_one_cm":16610,"minecraft:total_world_time":93937,"minecraft:fall_one_cm":20416},"minecraft:broken":{"minecraft:stone_pickaxe":1},"minecraft:dropped":{"minecraft:stone_axe":1,"minecraft:wheat_seeds":6,"minecraft:oak_sapling":1,"minecraft:wooden_pickaxe":2,"minecraft:string":3}},"DataVersion":3465}