{"stats":{"minecraft:crafted":{"minecraft:cooked_porkchop":1,"minecraft:crafting_table":1,"minecraft:wooden_pickaxe":1,"minecraft:furnace":1,"minecraft:copper_ingot":10,"minecraft:birch_planks":52,"minecraft:stone_axe":1,"minecraft:cooked_mutton":2,"cobblemon:poke_ball":8,"minecraft:stick":16,"minecraft:stone_pickaxe":2,"cobblemon:azure_ball":8,"minecraft:cooked_rabbit":2},"minecraft:killed":{"cobblemon:pokemon":2,"minecraft:sheep":1,"minecraft:chicken":1},"minecraft:used":{"minecraft:cooked_mutton":2,"minecraft:stone_pickaxe":162,"minecraft:wooden_pickaxe":9,"minecraft:dirt":3,"minecraft:crafting_table":4,"minecraft:jungle_sapling":1,"minecraft:stone_axe":44,"minecraft:cobblestone":22,"minecraft:furnace":3,"minecraft:cooked_porkchop":1,"minecraft:cooked_rabbit":2},"minecraft:mined":{"minecraft:dark_oak_leaves":36,"minecraft:jungle_leaves":34,"minecraft:crafting_table":4,"minecraft:grass_block":14,"minecraft:cobblestone":10,"minecraft:copper_ore":22,"minecraft:magma_block":2,"minecraft:furnace":3,"minecraft:birch_log":13,"minecraft:fire":15,"minecraft:birch_leaves":1,"minecraft:grass":9,"minecraft:coal_ore":5,"minecraft:vine":1,"minecraft:dirt":4,"minecraft:stone":46,"minecraft:stone_bricks":1,"minecraft:netherrack":78,"minecraft:oak_leaves":3,"minecraft:fern":5},"minecraft:picked_up":{"minecraft:birch_log":13,"minecraft:crafting_table":4,"minecraft:feather":2,"minecraft:chicken":1,"cobblemon:red_apricorn":9,"minecraft:wooden_pickaxe":1,"minecraft:birch_planks":12,"minecraft:dirt":19,"minecraft:string":1,"minecraft:raw_copper":79,"minecraft:wheat_seeds":3,"minecraft:rabbit_hide":1,"cobblemon:oran_berry":19,"minecraft:jungle_sapling":1,"minecraft:rabbit":3,"minecraft:furnace":3,"cobblemon:red_apricorn_seed":1,"minecraft:stick":1,"minecraft:sweet_berries":2,"minecraft:porkchop":1,"minecraft:oak_sapling":1,"minecraft:black_wool":1,"minecraft:netherrack":55,"minecraft:mutton":2,"cobblemon:blue_apricorn":9,"minecraft:coal":5,"minecraft:cobblestone":56},"minecraft:custom":{"minecraft:interact_with_furnace":10,"minecraft:mob_kills":4,"minecraft:interact_with_crafting_table":17,"minecraft:time_since_death":57937,"minecraft:climb_one_cm":1276,"minecraft:time_since_rest":57937,"minecraft:sprint_one_cm":127440,"minecraft:damage_taken":290,"minecraft:walk_one_cm":151075,"minecraft:drop":3,"minecraft:damage_dealt":667,"minecraft:swim_one_cm":2556,"minecraft:fly_one_cm":74221,"minecraft:crouch_one_cm":223,"minecraft:play_time":57937,"minecraft:sneak_time":76,"minecraft:walk_under_water_one_cm":673,"minecraft:jump":509,"minecraft:walk_on_water_one_cm":2317,"minecraft:total_world_time":57937,"minecraft:fall_one_cm":12527},"minecraft:broken":{"minecraft:stone_pickaxe":1},"minecraft:dropped":{"minecraft:oak_sapling":1,"minecraft:wooden_pickaxe":1,"minecraft:string":1}},"DataVersion":3465}