{"stats":{"minecraft:dropped":{"minecraft:granite":4,"minecraft:dirt":2,"minecraft:wooden_axe":1,"minecraft:wooden_pickaxe":1},"minecraft:mined":{"minecraft:white_bed":2,"cobblemon:big_root":5,"minecraft:crafting_table":4,"cobblemon:apricorn_leaves":1,"minecraft:granite":2,"minecraft:grass_block":1,"minecraft:tall_grass":1,"minecraft:cobblestone":1,"cobblemon:relic_coin_pouch":1,"minecraft:wall_torch":2,"minecraft:furnace":1,"minecraft:iron_ore":8,"minecraft:grass":25,"minecraft:oak_log":14,"minecraft:coal_ore":41,"cobblemon:thunder_stone_ore":2,"minecraft:dirt":1,"minecraft:stone":54,"minecraft:oak_leaves":4},"minecraft:picked_up":{"minecraft:crafting_table":4,"minecraft:leather":1,"cobblemon:red_apricorn":2,"minecraft:oak_log":14,"minecraft:dirt":3,"cobblemon:pink_apricorn_seed":1,"minecraft:wheat_seeds":2,"minecraft:rabbit_hide":1,"minecraft:beef":4,"cobblemon:oran_berry":14,"cobblemon:relic_coin":4,"cobblemon:thunder_stone":2,"minecraft:rabbit":1,"cobblemon:big_root":5,"minecraft:furnace":1,"minecraft:raw_iron":8,"minecraft:torch":2,"cobblemon:cheri_berry":1,"minecraft:porkchop":8,"cobblemon:pink_apricorn":2,"minecraft:white_bed":2,"minecraft:granite":4,"minecraft:mutton":6,"minecraft:coal":66,"cobblemon:blue_apricorn":6,"minecraft:white_wool":6,"minecraft:cobblestone":54},"minecraft:used":{"minecraft:stone_pickaxe":95,"minecraft:oak_planks":4,"minecraft:wooden_pickaxe":16,"minecraft:torch":21,"minecraft:dirt":1,"minecraft:mutton":3,"minecraft:crafting_table":4,"minecraft:white_bed":2,"minecraft:wooden_axe":46,"minecraft:iron_pickaxe":2,"minecraft:iron_boots":1,"minecraft:stone_axe":11,"minecraft:cobblestone":16,"minecraft:beef":3,"minecraft:furnace":1},"minecraft:crafted":{"minecraft:oak_planks":32,"minecraft:crafting_table":1,"minecraft:wooden_pickaxe":1,"minecraft:furnace":1,"minecraft:stone_axe":1,"minecraft:iron_boots":1,"minecraft:stick":20,"minecraft:iron_ingot":8,"minecraft:iron_pickaxe":1,"minecraft:stone_pickaxe":1,"minecraft:wooden_axe":1,"minecraft:white_bed":1,"minecraft:torch":24},"minecraft:killed":{"minecraft:pig":3,"cobblemon:pokemon":2,"minecraft:cow":3},"minecraft:custom":{"minecraft:interact_with_furnace":6,"minecraft:mob_kills":8,"minecraft:interact_with_crafting_table":8,"minecraft:time_since_death":29910,"minecraft:sleep_in_bed":2,"minecraft:climb_one_cm":1080,"minecraft:time_since_rest":3498,"minecraft:sprint_one_cm":84602,"minecraft:damage_taken":97,"minecraft:walk_one_cm":110386,"minecraft:drop":6,"minecraft:damage_dealt":892,"minecraft:swim_one_cm":1486,"minecraft:fly_one_cm":58568,"minecraft:crouch_one_cm":769,"minecraft:play_time":29910,"minecraft:sneak_time":539,"minecraft:walk_under_water_one_cm":313,"minecraft:jump":419,"minecraft:walk_on_water_one_cm":89,"minecraft:total_world_time":29910,"minecraft:fall_one_cm":5849}},"DataVersion":3465}