{"stats":{"minecraft:crafted":{"minecraft:cooked_beef":2,"minecraft:cooked_porkchop":1,"minecraft:crafting_table":1,"minecraft:cooked_chicken":2,"minecraft:wooden_pickaxe":1,"minecraft:iron_helmet":1,"minecraft:furnace":1,"minecraft:copper_ingot":10,"minecraft:birch_planks":52,"minecraft:stone_axe":1,"minecraft:cooked_mutton":4,"cobblemon:poke_ball":8,"minecraft:iron_boots":1,"minecraft:iron_chestplate":1,"minecraft:shield":1,"minecraft:iron_axe":1,"minecraft:stick":16,"minecraft:iron_ingot":47,"minecraft:stone_pickaxe":2,"minecraft:iron_pickaxe":1,"minecraft:iron_leggings":1,"cobblemon:azure_ball":12,"minecraft:torch":24,"cobblemon:great_ball":4,"minecraft:cooked_rabbit":2},"minecraft:killed":{"minecraft:pig":4,"cobblemon:pokemon":3,"minecraft:sheep":11,"minecraft:zombie":1,"minecraft:chicken":1,"minecraft:cow":5},"minecraft:used":{"minecraft:cooked_mutton":4,"minecraft:diorite":1,"minecraft:rabbit":1,"minecraft:stone_pickaxe":234,"minecraft:wooden_pickaxe":9,"minecraft:cooked_chicken":2,"minecraft:netherrack":23,"minecraft:torch":15,"minecraft:dirt":19,"minecraft:mutton":3,"minecraft:crafting_table":8,"minecraft:white_bed":3,"minecraft:jungle_sapling":1,"minecraft:iron_pickaxe":92,"minecraft:iron_axe":61,"minecraft:iron_helmet":1,"minecraft:iron_boots":1,"minecraft:stone_axe":93,"minecraft:cobblestone":39,"minecraft:sweet_berries":3,"minecraft:furnace":8,"minecraft:cooked_porkchop":1,"minecraft:cooked_rabbit":2,"minecraft:cooked_beef":2,"minecraft:iron_leggings":1},"minecraft:mined":{"minecraft:white_bed":4,"minecraft:dark_oak_leaves":36,"minecraft:jungle_leaves":34,"minecraft:torch":1,"minecraft:crafting_table":8,"cobblemon:apricorn_leaves":1,"minecraft:grass_block":19,"minecraft:melon":10,"minecraft:birch_wood":3,"minecraft:copper_ore":22,"minecraft:cobblestone":20,"cobblemon:oran_berry":1,"minecraft:diorite":1,"minecraft:wall_torch":1,"minecraft:magma_block":2,"minecraft:furnace":8,"minecraft:birch_log":13,"minecraft:iron_ore":49,"minecraft:fire":15,"minecraft:sweet_berry_bush":1,"minecraft:birch_leaves":1,"cobblemon:medicinal_leek":8,"minecraft:grass":19,"minecraft:coal_ore":60,"minecraft:vine":6,"minecraft:dirt":5,"minecraft:stone":86,"minecraft:stone_bricks":1,"minecraft:netherrack":78,"minecraft:oak_leaves":9,"minecraft:fern":7},"minecraft:picked_up":{"minecraft:birch_log":13,"minecraft:crafting_table":8,"minecraft:feather":3,"minecraft:chicken":2,"minecraft:leather":2,"cobblemon:red_apricorn":11,"minecraft:wooden_pickaxe":2,"cobblemon:razz_berry":21,"minecraft:birch_planks":59,"minecraft:dirt":25,"minecraft:string":5,"minecraft:raw_copper":79,"minecraft:bone":1,"minecraft:wheat_seeds":12,"cobblemon:green_apricorn":9,"minecraft:rabbit_hide":1,"minecraft:beef":6,"cobblemon:oran_berry":39,"minecraft:jungle_sapling":1,"minecraft:rabbit":3,"minecraft:melon_slice":46,"cobblemon:green_apricorn_seed":1,"minecraft:furnace":8,"minecraft:egg":2,"minecraft:raw_iron":50,"cobblemon:azure_ball":5,"cobblemon:red_apricorn_seed":1,"minecraft:stick":2,"minecraft:sweet_berries":2,"minecraft:torch":2,"cobblemon:blue_apricorn_seed":2,"minecraft:porkchop":10,"minecraft:diorite":1,"minecraft:white_bed":4,"minecraft:rotten_flesh":1,"minecraft:stone_axe":1,"cobblemon:medicinal_leek":22,"minecraft:oak_sapling":1,"minecraft:netherrack":55,"minecraft:black_wool":1,"minecraft:mutton":19,"cobblemon:blue_apricorn":14,"minecraft:coal":149,"minecraft:white_wool":10,"minecraft:cobblestone":106},"minecraft:custom":{"minecraft:interact_with_furnace":43,"minecraft:mob_kills":25,"minecraft:interact_with_crafting_table":32,"minecraft:leave_game":1,"minecraft:time_since_death":130223,"minecraft:sleep_in_bed":4,"minecraft:climb_one_cm":9525,"minecraft:time_since_rest":6798,"minecraft:sprint_one_cm":276676,"minecraft:damage_taken":545,"minecraft:walk_one_cm":370701,"minecraft:drop":13,"minecraft:damage_dealt":2838,"minecraft:swim_one_cm":7156,"minecraft:fly_one_cm":146428,"minecraft:crouch_one_cm":2544,"minecraft:play_time":130223,"minecraft:sneak_time":1783,"minecraft:walk_under_water_one_cm":2473,"minecraft:jump":1346,"minecraft:total_world_time":130223,"minecraft:fall_one_cm":28079,"minecraft:walk_on_water_one_cm":16610},"minecraft:broken":{"minecraft:stone_pickaxe":1},"minecraft:dropped":{"minecraft:stone_axe":2,"minecraft:wheat_seeds":6,"minecraft:feather":3,"minecraft:rabbit_hide":1,"minecraft:oak_sapling":1,"minecraft:wooden_pickaxe":3,"minecraft:stone_pickaxe":1,"minecraft:string":3,"minecraft:black_wool":1}},"DataVersion":3465}