{
  "uuid": "42d887ef-b05f-30a5-bf24-a4c19249771f",
  "starterPrompted": true,
  "starterLocked": false,
  "starterSelected": true,
  "starterUUID": "84c4406b-778d-48ed-8f44-1b17c6cafc6e",
  "keyItems": [],
  "battleTheme": "cobblemon:battle.pvp.default",
  "extraData": {
    "cobbledex_discovery": {
      "registers": {
        "cyndaquil": {
          "hisuibias": {
            "isShiny": false,
            "status": "CAUGHT",
            "discoveredTimestamp": 1727644649225,
            "caughtTimestamp": 1727644649225
          }
        },
        "bulbasaur": {
          "normal": {
            "isShiny": false,
            "status": "SEEN",
            "discoveredTimestamp": 1727644656037
          }
        },
        "teddiursa": {
          "normal": {
            "isShiny": false,
            "status": "CAUGHT",
            "discoveredTimestamp": 1727645256330,
            "caughtTimestamp": 1727645256330
          }
        },
        "heracross": {
          "normal": {
            "isShiny": false,
            "status": "SEEN",
            "discoveredTimestamp": 1727646075288
          }
        },
        "buneary": {
          "normal": {
            "isShiny": false,
            "status": "SEEN",
            "discoveredTimestamp": 1727646094439
          }
        },
        "ninjask": {
          "normal": {
            "isShiny": false,
            "status": "SEEN",
            "discoveredTimestamp": 1727646637182
          }
        },
        "quilava": {
          "hisuibias": {
            "isShiny": false,
            "status": "CAUGHT",
            "discoveredTimestamp": 1727648078992,
            "caughtTimestamp": 1727648078992
          }
        },
        "pyukumuku": {
          "normal": {
            "isShiny": false,
            "status": "SEEN",
            "discoveredTimestamp": 1727650121135
          }
        },
        "diggersby": {
          "normal": {
            "isShiny": false,
            "status": "SEEN",
            "discoveredTimestamp": 1727650271941
          }
        },
        "flabebe": {
          "normal": {
            "isShiny": false,
            "status": "SEEN",
            "discoveredTimestamp": 1727650310559
          }
        },
        "swellow": {
          "normal": {
            "isShiny": false,
            "status": "SEEN",
            "discoveredTimestamp": 1727650317349
          }
        },
        "petilil": {
          "normal": {
            "isShiny": false,
            "status": "SEEN",
            "discoveredTimestamp": 1727650338633
          }
        },
        "dragapult": {
          "normal": {
            "isShiny": false,
            "status": "CAUGHT",
            "discoveredTimestamp": 1727651994480,
            "caughtTimestamp": 1727651994480
          }
        },
        "meowth": {
          "normal": {
            "isShiny": false,
            "status": "SEEN",
            "discoveredTimestamp": 1727652206086
          }
        },
        "doduo": {
          "normal": {
            "isShiny": false,
            "status": "SEEN",
            "discoveredTimestamp": 1727652207989
          }
        },
        "lillipup": {
          "normal": {
            "isShiny": false,
            "status": "SEEN",
            "discoveredTimestamp": 1727652215485
          }
        },
        "rhyhorn": {
          "normal": {
            "isShiny": false,
            "status": "SEEN",
            "discoveredTimestamp": 1727652221248
          }
        },
        "psyduck": {
          "normal": {
            "isShiny": false,
            "status": "SEEN",
            "discoveredTimestamp": 1727652229536
          }
        },
        "yamper": {
          "normal": {
            "isShiny": false,
            "status": "SEEN",
            "discoveredTimestamp": 1727652234684
          }
        },
        "timburr": {
          "normal": {
            "isShiny": false,
            "status": "SEEN",
            "discoveredTimestamp": 1727652241436
          }
        },
        "phanpy": {
          "normal": {
            "isShiny": false,
            "status": "SEEN",
            "discoveredTimestamp": 1727652270137
          }
        },
        "pidove": {
          "normal": {
            "isShiny": false,
            "status": "SEEN",
            "discoveredTimestamp": 1727652305888
          }
        },
        "slowpoke": {
          "normal": {
            "isShiny": false,
            "status": "SEEN",
            "discoveredTimestamp": 1727652311535
          }
        },
        "bidoof": {
          "normal": {
            "isShiny": false,
            "status": "SEEN",
            "discoveredTimestamp": 1727652315137
          }
        },
        "dodrio": {
          "normal": {
            "isShiny": false,
            "status": "SEEN",
            "discoveredTimestamp": 1727652320135
          }
        },
        "bouffalant": {
          "normal": {
            "isShiny": false,
            "status": "SEEN",
            "discoveredTimestamp": 1727652324884
          }
        },
        "elekid": {
          "normal": {
            "isShiny": false,
            "status": "SEEN",
            "discoveredTimestamp": 1727652329483
          }
        },
        "tauros": {
          "normal": {
            "isShiny": false,
            "status": "SEEN",
            "discoveredTimestamp": 1727652330833
          }
        },
        "patrat": {
          "normal": {
            "isShiny": false,
            "status": "SEEN",
            "discoveredTimestamp": 1727652335288
          }
        },
        "zigzagoon": {
          "normal": {
            "isShiny": false,
            "status": "SEEN",
            "discoveredTimestamp": 1727652374986
          }
        },
        "wooloo": {
          "normal": {
            "isShiny": false,
            "status": "SEEN",
            "discoveredTimestamp": 1727652378387
          }
        },
        "bunnelby": {
          "normal": {
            "isShiny": false,
            "status": "SEEN",
            "discoveredTimestamp": 1727652382386
          }
        },
        "primeape": {
          "normal": {
            "isShiny": false,
            "status": "SEEN",
            "discoveredTimestamp": 1727652404261
          }
        },
        "squawkabilly": {
          "yellow": {
            "isShiny": false,
            "status": "SEEN",
            "discoveredTimestamp": 1727652432986
          }
        },
        "aipom": {
          "normal": {
            "isShiny": false,
            "status": "SEEN",
            "discoveredTimestamp": 1727652443639
          }
        },
        "bellsprout": {
          "normal": {
            "isShiny": false,
            "status": "SEEN",
            "discoveredTimestamp": 1727652453437
          }
        },
        "fomantis": {
          "normal": {
            "isShiny": false,
            "status": "SEEN",
            "discoveredTimestamp": 1727652464240
          }
        },
        "maractus": {
          "normal": {
            "isShiny": false,
            "status": "SEEN",
            "discoveredTimestamp": 1727652475248
          }
        },
        "cacnea": {
          "normal": {
            "isShiny": false,
            "status": "SEEN",
            "discoveredTimestamp": 1727652491286
          }
        },
        "sandshrew": {
          "normal": {
            "isShiny": false,
            "status": "SEEN",
            "discoveredTimestamp": 1727652502052
          }
        },
        "ekans": {
          "normal": {
            "isShiny": false,
            "status": "SEEN",
            "discoveredTimestamp": 1727652514783
          }
        },
        "marowak": {
          "normal": {
            "isShiny": false,
            "status": "SEEN",
            "discoveredTimestamp": 1727652544936
          }
        },
        "arbok": {
          "normal": {
            "isShiny": false,
            "status": "SEEN",
            "discoveredTimestamp": 1727652560436
          }
        },
        "cufant": {
          "normal": {
            "isShiny": false,
            "status": "SEEN",
            "discoveredTimestamp": 1727652563734
          }
        },
        "dwebble": {
          "normal": {
            "isShiny": false,
            "status": "SEEN",
            "discoveredTimestamp": 1727652579688
          }
        },
        "sandslash": {
          "normal": {
            "isShiny": false,
            "status": "SEEN",
            "discoveredTimestamp": 1727652671686
          }
        },
        "cacturne": {
          "normal": {
            "isShiny": false,
            "status": "SEEN",
            "discoveredTimestamp": 1727652687934
          }
        }
      },
      "name": "cobbledex_discovery"
    },
    "Cobbledex_RewardHistory": {
      "received": [],
      "name": "Cobbledex_RewardHistory"
    }
  },
  "advancementData": {
    "totalCaptureCount": 2,
    "totalEggsHatched": 0,
    "totalEvolvedCount": 1,
    "totalBattleVictoryCount": 23,
    "totalPvPBattleVictoryCount": 1,
    "totalPvWBattleVictoryCount": 22,
    "totalPvNBattleVictoryCount": 0,
    "totalShinyCaptureCount": 0,
    "totalTradedCount": 0,
    "totalTypeCaptureCounts": {
      "normal": 1,
      "dragon": 1,
      "ghost": 1
    },
    "totalDefeatedCounts": {
      "cobblemon:taillow": 1,
      "cobblemon:weedle": 5,
      "cobblemon:lechonk": 3,
      "cobblemon:metapod": 1,
      "cobblemon:bellsprout": 1,
      "cobblemon:caterpie": 2,
      "cobblemon:aipom": 3,
      "cobblemon:wingull": 1,
      "cobblemon:oddish": 2,
      "cobblemon:crabrawler": 1,
      "cobblemon:krabby": 1,
      "cobblemon:cacturne": 1
    },
    "aspectsCollected": {}
  }
}