{
  "uuid": "42d887ef-b05f-30a5-bf24-a4c19249771f",
  "starterPrompted": true,
  "starterLocked": false,
  "starterSelected": true,
  "starterUUID": "84c4406b-778d-48ed-8f44-1b17c6cafc6e",
  "keyItems": [],
  "battleTheme": "cobblemon:battle.pvp.default",
  "extraData": {
    "cobbledex_discovery": {
      "registers": {
        "cyndaquil": {
          "hisuibias": {
            "isShiny": false,
            "status": "CAUGHT",
            "discoveredTimestamp": 1727644649225,
            "caughtTimestamp": 1727644649225
          }
        },
        "bulbasaur": {
          "normal": {
            "isShiny": false,
            "status": "SEEN",
            "discoveredTimestamp": 1727644656037
          }
        },
        "teddiursa": {
          "normal": {
            "isShiny": false,
            "status": "CAUGHT",
            "discoveredTimestamp": 1727645256330,
            "caughtTimestamp": 1727645256330
          }
        },
        "heracross": {
          "normal": {
            "isShiny": false,
            "status": "SEEN",
            "discoveredTimestamp": 1727646075288
          }
        },
        "buneary": {
          "normal": {
            "isShiny": false,
            "status": "SEEN",
            "discoveredTimestamp": 1727646094439
          }
        },
        "ninjask": {
          "normal": {
            "isShiny": false,
            "status": "SEEN",
            "discoveredTimestamp": 1727646637182
          }
        },
        "quilava": {
          "hisuibias": {
            "isShiny": false,
            "status": "CAUGHT",
            "discoveredTimestamp": 1727648078992,
            "caughtTimestamp": 1727648078992
          }
        }
      },
      "name": "cobbledex_discovery"
    },
    "Cobbledex_RewardHistory": {
      "received": [],
      "name": "Cobbledex_RewardHistory"
    }
  },
  "advancementData": {
    "totalCaptureCount": 1,
    "totalEggsHatched": 0,
    "totalEvolvedCount": 1,
    "totalBattleVictoryCount": 18,
    "totalPvPBattleVictoryCount": 0,
    "totalPvWBattleVictoryCount": 18,
    "totalPvNBattleVictoryCount": 0,
    "totalShinyCaptureCount": 0,
    "totalTradedCount": 0,
    "totalTypeCaptureCounts": {
      "normal": 1
    },
    "totalDefeatedCounts": {
      "cobblemon:taillow": 1,
      "cobblemon:weedle": 4,
      "cobblemon:lechonk": 3,
      "cobblemon:metapod": 1,
      "cobblemon:bellsprout": 1,
      "cobblemon:caterpie": 2,
      "cobblemon:aipom": 2,
      "cobblemon:wingull": 1,
      "cobblemon:oddish": 1,
      "cobblemon:crabrawler": 1,
      "cobblemon:krabby": 1
    },
    "aspectsCollected": {}
  }
}